label,left_elbow_shoulder_hip,right_elbow_shoulder_hip,right_hip_knee_angle,left_hip_knee_angle,right_elbow_angle,left_elbow_angle,wrist,elbow
bas,83.8472523761081,nan,nan,nan,76.80803501640118,148.4056489842105,nan,nan
bas,81.72128543541803,nan,nan,nan,55.88151028166754,145.04991901213165,nan,nan
bas,79.39711524924029,nan,nan,nan,43.163643102078986,141.41416146965548,nan,nan
bas,77.75013513921323,nan,nan,nan,35.2776122600305,138.03494896490002,nan,nan
bas,76.47930750775834,nan,nan,nan,30.053725916349453,135.2433406207287,nan,nan
bas,75.61067384120715,nan,nan,nan,27.034611369969138,133.30110082102442,nan,nan
bas,74.5553596337442,nan,nan,nan,25.346242150223727,131.7272265393036,nan,nan
bas,73.11368233686886,nan,nan,nan,24.345628482421073,130.56018289201347,nan,nan
bas,71.85957052857718,nan,nan,nan,22.656598032137314,129.6498745332935,nan,nan
bas,70.73972126367548,nan,nan,nan,21.526909711142864,128.6239327046923,nan,nan
bas,72.80372588478622,nan,nan,nan,34.8509819303663,131.65921803089506,nan,nan
bas,74.23879223224334,nan,nan,nan,37.846318404952086,134.5003255374292,nan,nan
bas,74.47734663299762,nan,nan,nan,75.5722666524022,137.80517616691054,nan,nan
haut,77.4716660043503,nan,nan,165.70436375099698,167.33784744587817,164.62910737731625,nan,nan
haut,77.64106254041504,nan,nan,165.07241304820016,168.0760476015299,165.82658074225313,nan,nan
haut,77.7968369533594,nan,nan,164.75916769029183,168.32474984663386,166.99993042944382,nan,nan
haut,78.3894472541435,nan,nan,164.36095720156706,168.4725588982519,168.31695160666663,nan,nan
haut,79.06176633724264,nan,nan,164.07343481103592,168.42561514112413,169.51394128879343,nan,nan
haut,79.5093229707739,nan,nan,163.9370932000297,168.05418774264567,170.45366034597345,nan,nan
haut,79.63800349806068,nan,nan,164.01538253139188,167.74151511768613,171.18931058135732,nan,nan
haut,79.95231298128388,nan,nan,164.0719853931522,167.60741830446673,171.73519555427671,nan,nan
haut,80.03135596739888,nan,nan,164.1014003682577,167.11120749649533,172.0817617339482,nan,nan
haut,79.93325402141555,nan,nan,164.11305403832395,166.98894711580002,172.24179531718627,nan,nan
haut,79.77468872281865,nan,nan,164.11485897017312,166.93896142626363,172.2656143887286,nan,nan
haut,79.35725793715396,nan,nan,164.47877923813766,167.33288242591806,171.8704380558098,nan,nan
haut,78.82313009706148,nan,nan,164.88332303240637,167.41755149923583,170.84389417604717,nan,nan
bas,67.33652721782057,nan,nan,168.88409165293726,70.22186835530772,125.1865079656023,nan,nan
bas,65.47572457669698,nan,nan,167.3327327419221,59.13648695024715,122.64854844768303,nan,nan
bas,64.03059897470865,nan,nan,166.09356353297707,51.6374481783005,121.27079036764954,nan,nan
bas,62.61679245945378,nan,nan,164.63841167917693,45.58682326965609,119.87677212577081,nan,nan
bas,61.69762914866248,nan,nan,163.52656131689798,41.13152949551574,118.37268727655405,nan,nan
bas,60.60087539698332,nan,nan,162.02696916681458,37.258794012688504,116.79423472182236,nan,nan
bas,60.100032059639915,nan,nan,nan,34.45633813347879,115.46183647340042,nan,nan
bas,59.689843376879324,nan,nan,nan,32.824815124183516,114.24932290817497,nan,nan
bas,59.226058705327596,nan,nan,nan,31.219704508497298,114.34356960581815,nan,nan
bas,58.82129683234793,nan,nan,nan,29.74430467106334,114.59489859283583,nan,nan
bas,58.5759664974158,nan,nan,nan,28.772894547363165,115.93496054437144,nan,nan
bas,57.640268869154,nan,nan,nan,30.225856265690616,118.4002621175116,nan,nan
bas,57.91680892100304,nan,nan,nan,40.731655559504894,121.34148292715723,nan,nan
bas,57.168785262204416,nan,nan,nan,61.98885992732332,124.93347032654128,nan,nan
bas,71.35404304910529,nan,nan,170.36313172166038,65.76612238196016,134.70637439680542,nan,nan
bas,69.76529554327425,nan,nan,168.23054819637883,53.310047146691076,132.30569111998201,nan,nan
bas,67.97788236783094,nan,nan,166.5219115209921,45.95921963607348,129.57574575484387,nan,nan
bas,66.00330324593806,nan,nan,164.37546772231843,41.361161534007515,127.04288931441425,nan,nan
bas,64.65691003863485,nan,nan,162.94273208035742,38.899911576654766,124.73541833760301,nan,nan
bas,63.7749260443121,nan,nan,161.9045926840379,37.451174297475625,122.7332576782653,nan,nan
bas,63.451983742519374,nan,nan,nan,36.10638437476471,121.45051268006611,nan,nan
bas,63.19705753105207,nan,nan,nan,34.45980583172418,121.11981784435807,nan,nan
bas,63.011817193161534,nan,nan,nan,32.973047244702336,121.09739326413143,nan,nan
bas,63.11225415552151,nan,nan,nan,32.06156611716154,120.68357629761714,nan,nan
bas,63.075833544225496,nan,nan,nan,30.84631434626372,121.55797777220978,nan,nan
bas,63.176992619592184,nan,nan,nan,30.083031643956218,124.84435748644431,nan,nan
bas,63.891163076795635,nan,nan,nan,31.00147408517759,128.79529272320835,nan,nan
bas,33.58517501604999,nan,nan,nan,77.1509036071947,107.0769954720649,nan,nan
bas,31.29128974815677,nan,nan,nan,74.73725098865066,104.5973494386278,nan,nan
bas,29.15105173702693,nan,nan,153.57904151499676,71.75267660043536,101.48926722452072,nan,nan
bas,27.23572333695342,nan,nan,152.36059330279295,68.5606128796518,98.08010113930476,nan,nan
bas,25.435130134504984,nan,nan,151.24831582545457,65.28683898253684,94.84391603339925,nan,nan
bas,25.39497364660781,nan,nan,150.68528648247965,62.69281093139424,91.95105148792325,nan,nan
bas,26.617144272014333,nan,nan,150.8183600340062,60.576670453953355,89.50893594249435,nan,nan
bas,30.143393069285032,nan,nan,151.2199012380814,58.85983733375493,87.49492394128232,nan,nan
bas,33.22179309511571,nan,nan,151.5488127782814,57.42712259403615,85.9871094044548,nan,nan
bas,35.461101720671856,nan,nan,151.96173428462322,56.186351052159026,84.62261486621874,nan,nan
bas,37.203275397410735,nan,nan,152.36308972784073,55.12347069662583,83.40482778276292,nan,nan
bas,39.045628427877595,nan,nan,152.78534154114365,54.36513504444596,82.40507286468646,nan,nan
bas,39.03997018444567,nan,nan,152.8123976417513,53.94894859791778,81.56297774125719,nan,nan
bas,38.26756669256699,nan,nan,152.72556874641955,53.69512628456635,80.86011652334678,nan,nan
bas,37.96726456513507,nan,nan,153.00107812401086,54.02534236129944,80.67491283252656,nan,nan
bas,35.7101064223778,nan,nan,152.57587020571464,55.80980904175711,81.20691126806332,nan,nan
bas,33.16349411065549,nan,nan,152.98277892068737,62.97717559270909,85.16146785970274,nan,nan
bas,32.886913291799075,nan,nan,154.06547085394809,72.87277050768722,90.40918465605381,nan,nan
haut,65.32109594413328,nan,nan,163.35703250799995,167.62189498796496,168.96625117806005,nan,nan
haut,65.50847594758945,nan,nan,163.55182757560354,168.10961631835994,169.32170964522263,nan,nan
haut,65.64431396462928,nan,nan,163.72614060143962,168.46402075109208,169.57204420972107,nan,nan
haut,65.60368538007016,nan,nan,163.84203474497545,168.39057814830272,169.42038737337003,nan,nan
haut,65.30053706833014,nan,nan,163.9195542325027,167.653419595481,168.6871245865595,nan,nan
bas,51.802039019289865,nan,nan,161.43961969919636,76.07814184465519,94.98823959274662,nan,nan
bas,48.902043971215434,nan,nan,159.94946080692384,69.06601635335265,89.55708758671335,nan,nan
bas,46.012482942589564,nan,nan,158.69610346241896,63.79121608950526,84.5218366670296,nan,nan
bas,40.798866078337404,nan,nan,156.0291801889394,58.37629209923038,80.278382092658,nan,nan
bas,35.80430649785978,nan,nan,153.54474140805124,54.27491117405336,76.75749732132653,nan,nan
bas,31.08802549302312,nan,nan,150.71882680661375,51.58158679705867,74.48187955157645,nan,nan
bas,28.62313574453775,nan,nan,149.02842899836565,50.2891872654706,73.17848136950575,nan,nan
bas,26.86195805805909,nan,nan,147.83752010251044,49.8369347507782,72.50741382582088,nan,nan
bas,28.463189057015676,nan,nan,148.0745582696922,49.87606063916081,72.56483330592722,nan,nan
bas,26.775414808311417,nan,nan,148.131175269669,49.99855548445696,73.04816487008705,nan,nan
bas,26.41742226616983,nan,nan,148.25526130865552,50.205623729946694,73.38146363196685,nan,nan
bas,28.600696690060218,nan,nan,149.7279249263479,52.49761604399455,76.09344308285534,nan,nan
bas,27.63469264174867,nan,nan,150.9585660245735,58.500015375210836,81.05072386329819,nan,nan
bas,26.77992051505804,nan,nan,151.62190187901692,68.22254051168012,86.7584689652788,nan,nan
bas,27.095259734532004,nan,nan,152.27963348504673,79.52085872416971,91.38006016727418,nan,nan
haut,65.00466490834863,nan,nan,164.86608683077378,167.27861217356084,168.95236573077008,nan,nan
haut,65.30593081286726,nan,nan,165.15569443127634,167.93028351889373,169.5669782441236,nan,nan
haut,65.67894062361718,nan,nan,165.43182530255356,168.40376804040173,170.13934561075988,nan,nan
haut,66.0013427230389,nan,nan,165.69297299011657,168.80212079931684,170.59445232967622,nan,nan
haut,66.23316759476002,nan,nan,165.89090635039096,169.15382715074514,170.93492740449628,nan,nan
haut,66.36913929003984,nan,nan,166.04573046530916,169.56796618775556,171.190172739957,nan,nan
haut,66.45127833820553,nan,nan,166.15436477851583,169.94080037400613,171.3728826870918,nan,nan
haut,66.4926818541037,nan,nan,166.22581408549226,170.26720576795879,171.49933037990172,nan,nan
haut,66.4950585371361,nan,nan,166.2976470598927,170.54154693814198,171.59331583965283,nan,nan
haut,66.49174155112264,nan,nan,166.35801544970028,170.76600910265415,171.6534360497741,nan,nan
haut,66.4716799840605,nan,nan,166.41421299009366,170.91105551896402,171.65404418869937,nan,nan
haut,66.37681031932364,nan,nan,166.46333696303645,170.87117931974876,171.49074586942373,nan,nan
haut,66.26311293799336,nan,nan,166.51436797712512,170.74824257005415,171.27489173438443,nan,nan
haut,66.02611479173373,nan,nan,166.56592553319226,170.40131227949115,170.78128093066957,nan,nan
haut,65.46816545549626,nan,nan,166.31499176312843,168.97189310081984,168.99062688602217,nan,nan
bas,50.21193373077694,nan,nan,160.54605552816457,72.9054686109801,91.3729187643853,nan,nan
bas,47.943499617558075,nan,nan,158.7876906987569,65.82876995910793,86.42715694983778,nan,nan
bas,41.23349605673353,nan,nan,156.25269988069988,60.244138484951684,82.26839969512315,nan,nan
bas,35.35111229340605,nan,nan,153.49941222636724,55.53795387237341,78.61986169274849,nan,nan
bas,31.8567520042585,nan,nan,151.8077550067215,52.72509763414794,76.23860848187225,nan,nan
bas,29.782847930228044,nan,nan,150.58818894839808,51.048429589977005,74.88436666877911,nan,nan
bas,29.002503148107014,nan,nan,150.00887568796125,50.144945352474195,74.48052330140189,nan,nan
bas,28.64271483205495,nan,nan,149.68782422703325,50.93164201638221,75.08570736581237,nan,nan
bas,27.38576171807954,nan,nan,149.66047639685752,53.46121778030699,76.33751298975561,nan,nan
bas,24.34497249775667,nan,nan,150.35508484000923,59.01627018100392,79.26337249173895,nan,nan
bas,22.581360862246086,nan,nan,151.3527939886036,64.47160983990939,82.03075651621941,nan,nan
bas,20.41961199745654,nan,nan,152.1020449870347,71.69329919393601,86.04360190146647,nan,nan
haut,81.33456493413814,nan,nan,141.3194843564269,168.15823404438152,168.57080480175202,nan,nan
haut,81.44425809803978,nan,nan,142.25801549979874,168.92801785711254,169.31377269519575,nan,nan
haut,81.26413508332553,nan,nan,143.69485363516313,169.2713684244438,169.645908339581,nan,nan
haut,80.95834347895916,nan,nan,144.78259765642662,168.97931527739462,169.26741553610492,nan,nan
haut,80.5597894339389,nan,nan,145.69723422425508,168.54529402129404,168.7450829955134,nan,nan
haut,80.08337920160534,nan,nan,146.5205911517512,167.5984167227064,167.8112652064253,nan,nan
haut,67.87886433534074,nan,nan,160.19961412540619,167.19201991150777,166.62609258990202,nan,nan
haut,68.23767214593224,nan,nan,160.37288651776254,167.8262462470735,167.0455204265165,nan,nan
haut,68.64176749028552,nan,nan,160.635051374682,168.37176637087737,167.47794018684647,nan,nan
haut,69.11747466066892,nan,nan,160.91928447755916,168.79157692445773,167.928186908752,nan,nan
haut,69.52690449845294,nan,nan,161.31386921082247,169.11072873620432,168.35809113079466,nan,nan
haut,69.78174861593445,nan,nan,161.70303589961614,169.41713755595936,168.78494855143367,nan,nan
haut,69.94603156608467,nan,nan,162.0769095720136,169.58147190365534,169.16877922409498,nan,nan
haut,70.10308548275412,nan,nan,162.36997905269274,169.67535039611,169.49122081952547,nan,nan
haut,70.27473803624207,nan,nan,162.55412794753235,169.66440512682155,169.7759753502306,nan,nan
haut,70.43167462843705,nan,nan,162.6913577684283,169.42602339236433,169.9898484720171,nan,nan
haut,70.52761967370147,nan,nan,162.8087901770449,169.07475585275319,170.1223081386348,nan,nan
haut,70.52052843756967,nan,nan,163.03097557440964,168.34196323393277,170.0018263405986,nan,nan
haut,70.77127903434065,nan,nan,162.86397257169395,166.93376435388163,169.7293353981931,nan,nan
haut,73.57850244427155,nan,nan,151.8508294793035,167.10985713529766,166.1829225778565,nan,nan
haut,74.3135223868901,nan,nan,151.92702923088075,167.6451616223748,166.75216988063355,nan,nan
haut,75.01086363543546,nan,nan,151.978323836915,168.16698624492489,167.38557725767348,nan,nan
haut,75.55799423147845,nan,nan,152.17624084211758,168.63070867523618,168.03855574002188,nan,nan
haut,76.12358845789214,nan,nan,152.3161682046486,169.10511998416428,168.64878021064825,nan,nan
haut,76.63241435792757,nan,nan,152.44548975459128,169.54685534164918,169.20400258323718,nan,nan
haut,77.02690383989061,nan,nan,152.66438608539775,169.95187292989155,169.7536856132148,nan,nan
haut,77.28434130651168,nan,nan,152.91070666387094,170.29022243239692,170.28220760754243,nan,nan
haut,77.42461268855294,nan,nan,153.1839371418872,170.60574392264786,170.756398425371,nan,nan
haut,77.49927877507206,nan,nan,153.42384753166655,170.86083884539806,171.16174782989484,nan,nan
haut,77.47182902653329,nan,nan,153.7086918580971,170.9840151180038,171.4526581964234,nan,nan
haut,77.39178273494845,nan,nan,154.00385237541806,171.0394385309535,171.65078949971397,nan,nan
haut,77.19783063118264,nan,nan,154.32470762541524,170.8856841673311,171.7480590828705,nan,nan
haut,76.63144028611127,nan,nan,154.77765288327785,169.5447099740031,171.37794140355612,nan,nan
haut,75.90388250041653,nan,nan,155.6230703733727,167.53383586897033,170.64158561925467,nan,nan
haut,70.49369522481352,nan,nan,167.53862849254415,176.0965103301081,164.76377304382336,nan,nan
haut,78.18177278378826,nan,nan,164.81988950220727,176.0064745017539,163.84995265218657,nan,nan
haut,83.26220868255669,nan,nan,157.81323190747713,176.00548336178795,167.04951636713778,nan,nan
haut,86.40280628334216,nan,nan,154.0099905182542,175.7866408605736,168.87847637189864,nan,nan
haut,90.51755283373681,nan,nan,nan,175.20773646042554,167.1180357855317,nan,nan
haut,93.10222797370659,nan,nan,nan,174.58585444710698,168.0648530067987,nan,nan
haut,94.68451459683436,nan,nan,nan,173.93636619140324,168.4810129589866,0.5651786737998454,nan
haut,97.67195029226073,nan,nan,nan,173.2230167341227,168.22129246349556,0.5651541289641319,nan
haut,99.78644538249603,nan,nan,nan,172.23725510752132,166.62479164099616,0.5525958550294119,nan
haut,101.44217732716527,nan,nan,nan,170.84599668739196,165.96854291476788,0.5468436011187673,nan
haut,104.79916670935813,nan,nan,nan,169.59412315959906,164.50670712756698,0.5430459992776162,nan
haut,107.74179859650904,nan,nan,nan,168.51493090899524,163.5013681006845,0.539945293723796,nan
haut,109.23001159088484,nan,nan,nan,167.57595100981618,162.81295343397736,0.5374813579277318,nan
bas,58.59272153308329,44.4790022120176,nan,nan,79.47421004259311,87.90726577034067,0.5129547871429493,0.5439140001453788
bas,57.047362194325466,42.45486301817694,nan,nan,70.4072822767598,82.55318488267517,0.5114376606368296,0.5453479715717977
bas,55.49139153629342,41.63470111294187,nan,nan,64.40619112557305,77.81159046618086,0.508622384786385,0.5453993412652542
bas,52.16871678392786,41.46497873369173,nan,nan,59.64022403343273,73.91389309123366,0.5041627670873745,0.5435934697757991
bas,51.490756290395076,41.70612776440777,nan,nan,56.868028223431246,71.77423149389185,0.5008788767500592,0.5431214583305831
bas,50.82768650200574,41.97894555151066,nan,nan,53.92744100780788,69.78484282069235,0.498931337713734,0.543684090728246
bas,50.47035752364432,43.117967055247654,nan,nan,51.14289983858194,66.83583104122602,0.49586337179082385,0.543017638357398
bas,50.85065894565043,nan,nan,nan,49.788228629011456,64.49410436877136,0.49308892245172675,nan
bas,51.676270509686496,nan,nan,nan,49.97205046657281,64.73610000449312,0.4880927058519043,nan
bas,51.962288772230536,nan,nan,nan,50.35269169134724,65.01741254211521,0.4818193233273932,nan
bas,51.995131266419904,nan,nan,nan,50.791034836997945,64.663970230459,0.4748950444924601,nan
bas,54.34861456119474,nan,nan,nan,51.357525761638215,71.39897703436273,0.46936182561771317,nan
bas,59.40181521187583,nan,nan,nan,51.211595248310545,79.88766397875267,0.46391751340503057,nan
bas,63.145072184545946,nan,nan,nan,50.99102119062748,81.08197520497302,0.45983786413660455,nan
bas,65.90722885252573,nan,nan,nan,51.0968569593525,75.41249967616707,0.45234992187935835,nan
bas,69.61886024255041,nan,nan,nan,49.243069128087406,78.53246474788209,0.45139024794210914,nan
bas,68.63469063035653,nan,nan,nan,46.25873989720463,72.96978140584062,0.45461286933034106,nan
bas,68.78354322985436,nan,nan,nan,41.9399681604999,66.00579304508018,0.4645080312361893,nan
bas,67.63768596731833,nan,nan,nan,39.110208112107806,61.39850781497406,0.47328971504957745,nan
bas,64.24634083576625,nan,nan,nan,37.726538033561624,58.28561626000095,0.47978252108452835,nan
bas,60.38718471389023,nan,nan,nan,37.99620277456305,55.12850795748569,0.4865685689411727,nan
bas,59.05828201857396,nan,nan,nan,39.94649148930899,53.57282144970208,0.4907146262520047,nan
bas,61.408281495606694,nan,nan,nan,44.13112674224911,56.29850825986889,0.48905103779895553,nan
bas,62.63640761057855,nan,nan,nan,52.02685069207552,60.413746768021205,0.48665235348413166,nan
bas,65.28011170624883,nan,nan,nan,64.05804504529992,65.19543123649298,0.48897990327487445,nan
bas,67.56361455311178,nan,nan,nan,79.49122474473877,68.57500654073553,0.49020747118808367,nan
haut,81.14691025042261,96.53286627179662,nan,nan,168.19060766058783,160.5514132883948,0.5617774194866063,0.6192731738944435
haut,82.01436112480522,97.96333240653942,nan,nan,168.87948109724869,162.5449855205109,0.5688904397678543,0.6306096940093159
haut,82.86344477699129,98.97259379581031,nan,nan,169.3368157756613,164.1872452419958,0.5741349862423685,0.6392527206367233
haut,83.77643300479657,99.68650154099133,nan,nan,169.64252895316025,165.4047988694466,0.5777498029621673,0.6454330047192172
haut,84.30529945567932,99.87358825580014,nan,nan,169.8958441258624,166.09667883135702,0.5799338883773629,0.6493562967952119
haut,84.95494774399505,100.48434965851679,nan,nan,170.13754803126824,166.60246061892624,0.5817722728225034,0.6525474894464263
haut,85.4459597761451,101.06721465667297,nan,nan,170.30290031401813,166.9544638698717,0.5822596312665046,0.6538414709632906
haut,85.718484420059,101.40991907892841,nan,nan,170.37544964071418,167.14432668330002,0.5824193188797402,0.6545159536064675
haut,86.09297638719347,101.24867223548011,nan,nan,170.36471061659904,167.20219504812854,0.5827530703191718,0.6551236219301407
haut,86.42736967862142,101.34967590461767,nan,nan,170.33197746313414,167.22310327077844,0.5823645137682761,0.6548252781798704
haut,86.73635907225326,101.3913012903041,nan,nan,170.25664532903048,167.22292392192796,0.5822516523963116,0.6547230513393587
haut,86.92268187768217,101.32028748762494,nan,nan,170.196902128101,167.32407435500227,0.5831676438375791,0.6556732815740786
haut,87.11780985812693,101.38486336454508,nan,nan,170.18687013295815,167.44211780273193,0.5844500081300231,0.6570427331822005
bas,22.532798303232145,46.17734730131549,nan,nan,75.56250104190181,62.808366641130924,0.8434508607511045,0.9640046665800355
bas,21.36823027644701,41.57497756716288,nan,nan,75.67990801528475,65.03353230008324,0.8176649769906865,0.9593003760871509
bas,25.989397850354337,41.04244219761853,nan,nan,82.4822996224419,78.8136861392308,0.7496720984865739,0.8827141101104813
haut,64.66553815073843,nan,nan,nan,167.3962386768062,170.51685428314315,0.6055715458405584,nan
haut,64.86571976464845,nan,nan,nan,168.0961409521994,171.27565897082943,0.6019695389027095,nan
haut,64.96120146698915,nan,nan,nan,168.74838143186196,171.6338514514571,0.5981005983259416,nan
haut,64.9588832959708,nan,nan,nan,169.33979970547716,171.72096008353734,0.5960877845339386,nan
haut,65.03021289047433,nan,nan,nan,169.65337812691587,171.595991455307,0.5923431873088819,nan
haut,64.68994187198547,nan,nan,nan,169.73222619120074,171.14614473586062,0.5877534716202193,nan
haut,63.94066585916363,nan,nan,nan,169.63521270028457,170.05038053582757,0.5861843011146219,nan
haut,62.96485510098377,nan,nan,nan,169.2518492461271,168.23569110704622,0.5840040135054457,nan
haut,62.24866812824647,nan,nan,nan,168.26331579920065,165.56528102728583,0.5793240479120241,nan
bas,30.70162719628096,nan,nan,nan,81.43011928339459,80.4536017222536,nan,nan
bas,29.79042754303727,nan,nan,nan,72.3593181496849,75.7824284498975,nan,nan
bas,28.558222209344898,nan,nan,nan,65.08860127680144,72.10894475636097,nan,nan
bas,27.477536534443324,nan,nan,nan,59.95915799793216,69.05480693288332,nan,nan
bas,26.87151267502176,nan,nan,nan,55.876109838124556,66.9704442296369,nan,nan
bas,26.124301671092503,nan,nan,nan,52.975446150745135,65.40548847905477,nan,nan
bas,25.466201071552483,nan,nan,nan,51.25060928263172,64.6494793674941,nan,nan
bas,24.91299371582764,nan,nan,nan,50.43954262820835,64.17534898711048,nan,nan
bas,24.35868960643077,nan,nan,nan,50.26860871795305,64.16208188257335,nan,nan
bas,24.2134663643932,nan,nan,nan,50.70060534974359,64.0726981428745,nan,nan
bas,24.474927805882295,nan,nan,nan,52.04694499425608,65.38192415131861,nan,nan
bas,24.72348762049621,nan,nan,nan,54.331935077511176,67.73210582133261,nan,nan
bas,25.62135943976859,nan,nan,nan,59.68866351986254,70.83524402156978,nan,nan
bas,25.794655318719027,nan,nan,nan,66.8206709856084,74.74099067982819,nan,nan
bas,26.363717058864395,nan,nan,nan,75.08684352288257,79.59292991639823,nan,nan
haut,67.58031380125779,nan,nan,nan,167.3710254305071,164.7841107457274,0.5903428181570043,nan
haut,68.42640965875935,nan,nan,nan,169.1811485119293,167.72356339136,0.5896965194002065,nan
haut,68.98306570206718,nan,nan,nan,170.48105467837655,169.70216969929487,0.5874477054496926,nan
haut,69.78266006489756,nan,nan,nan,171.4025178070558,171.04187010951264,0.5857666160464065,nan
haut,70.16384335928204,nan,nan,nan,172.02460033101977,171.92144578698588,0.5879872121693865,nan
haut,70.50971560320048,nan,nan,nan,172.42045121564286,172.51787777391127,0.5932501760278848,nan
haut,70.72979949445022,nan,nan,nan,172.69253912356484,172.90454244762532,0.5987299442816411,nan
haut,71.03735108343325,nan,nan,nan,172.846189705861,172.75294297245807,0.6026613767597611,nan
haut,71.13828119580421,nan,nan,nan,172.88648441135382,172.22345846578207,0.6056474940250107,nan
haut,70.9783942391457,nan,nan,nan,172.81842938192972,171.1664554427489,0.6086402372967324,nan
haut,70.74918102352972,nan,nan,nan,172.40598642736308,169.27077119304434,0.6093365184131284,nan
haut,70.52649453858669,nan,nan,nan,171.6361868757445,166.7241440027867,0.6111723180003208,nan
haut,70.2155345793638,nan,nan,nan,170.49026141295417,163.35884442016197,0.6052645285789569,nan
haut,69.46840827412852,nan,nan,nan,169.10428271335687,159.41982874306427,0.5903464012826626,nan
bas,31.396662550569186,nan,nan,nan,75.20768652457451,78.79673818048039,nan,nan
bas,29.97364060777642,nan,nan,nan,67.55836692917839,75.98887874196006,nan,nan
bas,29.203969997415268,nan,nan,nan,61.640470409189255,73.38192062251089,nan,nan
bas,28.663626933826595,nan,nan,nan,57.36994699969304,71.32740366257347,nan,nan
bas,28.04906820199592,nan,nan,nan,53.987433053467896,69.77784074727116,nan,nan
bas,27.21632624919907,nan,nan,nan,51.575818304265155,68.82205464442765,nan,nan
bas,26.84553558212526,nan,nan,nan,50.08821303314435,68.37333074605552,nan,nan
bas,26.353859528806225,nan,nan,nan,49.22899184284687,68.14400952710744,nan,nan
bas,26.181454118463417,nan,nan,nan,48.653635530237324,68.26156362111809,nan,nan
bas,26.157505170475588,nan,nan,nan,49.631961476400036,68.7974173037542,nan,nan
bas,26.445908240339854,nan,nan,nan,53.032224070740696,70.93257233617163,nan,nan
bas,26.4758921760864,nan,nan,nan,58.6129825243328,73.89354364269248,nan,nan
bas,26.974454347999636,nan,nan,nan,66.47168091355536,78.12853481842855,nan,nan
bas,29.546312792840805,nan,nan,nan,76.3839251912478,83.6401894662425,nan,nan
haut,66.39499489710076,nan,nan,nan,167.5714443267989,166.7161810278089,0.6055839038966617,nan
haut,67.21008411363395,nan,nan,nan,169.17573294455977,168.9546987403142,0.6042395407477389,nan
haut,67.87838881526372,nan,nan,nan,170.2876052663141,170.47621631182716,0.6081536495846387,nan
haut,68.24682868434004,nan,nan,nan,170.9624540326628,171.44732458975844,0.6130274257769308,nan
haut,68.44483613049218,nan,nan,nan,171.36125133987235,171.87298366045752,0.6126334015271868,nan
haut,68.56751291464563,nan,nan,nan,171.535957263696,171.522395339907,0.6113210522005196,nan
haut,68.35795775169316,nan,nan,nan,171.3635424232014,170.20982702823417,0.6098477709612952,nan
haut,68.04828505597926,nan,nan,nan,170.8061252784221,167.94104322289147,0.6127897322226271,nan
haut,67.45930591682863,nan,nan,nan,169.92892480668638,165.02986418829374,0.6111298608996862,nan
haut,66.29925576302776,nan,nan,nan,168.86883964198336,161.34873237716022,0.6006577460793665,nan
haut,64.7902763392095,nan,nan,nan,167.51437211011785,157.07935587797303,0.5850540077064407,nan
bas,30.249605629047807,nan,nan,nan,82.50803389477905,81.15290276083661,nan,nan
bas,29.32476336058731,nan,nan,nan,74.6508608182654,77.00855049320727,nan,nan
bas,28.573517525645443,nan,nan,nan,67.71320033616692,73.86840243592418,nan,nan
bas,27.74426966561749,nan,nan,nan,62.33972644755203,71.20369289628832,nan,nan
bas,27.249732589800292,nan,nan,nan,57.79941120580134,69.18531805957566,nan,nan
bas,26.6995142003052,nan,nan,nan,54.21466974312098,67.44248239944076,nan,nan
bas,25.851720423616577,nan,nan,nan,52.14864642159638,66.29612990589419,nan,nan
bas,25.071220929343244,nan,nan,nan,50.65528457819238,65.94337707678115,nan,nan
bas,24.39162140111029,nan,nan,nan,49.60530637312526,65.66179040491733,nan,nan
bas,24.042926794516422,nan,nan,nan,49.19707112461395,65.73480693382064,nan,nan
bas,23.838189797847797,nan,nan,nan,49.052119573214156,65.89093530218238,nan,nan
bas,69.66814656269077,nan,nan,nan,69.34686107575467,92.93345020872097,0.5845203930243379,nan
bas,65.85351433303504,nan,nan,nan,61.92061860630838,96.47235909266362,0.5686722151192928,nan
bas,59.917794649265566,nan,nan,nan,59.679606890323996,100.12131713021677,0.5633662806874479,nan
bas,52.590709142739705,nan,nan,nan,60.2369127392922,98.7771494406795,0.544091339659254,nan
bas,47.866223831636106,nan,nan,nan,63.745460788142125,85.94080940400244,0.5468294634989286,nan
bas,47.537533092011664,nan,nan,nan,69.44334350301018,74.66163788767942,0.5628444670674778,nan
bas,51.19223767519319,nan,nan,nan,75.67386257542643,70.8559316642943,0.5950596313564614,nan
haut,84.40933227357529,nan,nan,nan,168.076101283327,152.7029328352691,0.4643803800389992,nan
haut,87.66458997680732,nan,nan,nan,169.18987244274652,149.6716987847421,0.4630996394682495,nan
haut,87.95657690877152,nan,nan,nan,169.8949328565401,147.00499672439028,0.4882238321552107,nan
haut,87.17460579115331,nan,nan,nan,169.91060212546014,144.39483092753133,0.5137602834289011,nan
haut,84.4116144015613,nan,nan,nan,168.96544531270354,142.4646969403662,0.5707421209927948,nan
bas,46.84533025455971,nan,nan,nan,80.94489931860235,58.09313975036254,0.620607857288201,nan
bas,44.344413400096315,nan,nan,nan,79.85240098885511,64.25557637814454,0.6103171378199207,nan
bas,43.863285212198164,nan,nan,nan,79.64138762414468,70.82160375484183,0.5995870885060309,nan
haut,90.3291920057064,nan,nan,nan,168.50555190550696,158.32734454858922,0.6362426213254779,nan
haut,90.58374382103143,nan,nan,nan,169.5518092025934,160.61911156222644,0.6483333258212993,nan
haut,90.25580121119056,nan,nan,nan,170.09061359157502,160.44099103439657,0.6393103550231574,nan
haut,88.4228569507063,nan,nan,nan,169.60342700133842,158.51899496503614,0.6072310438136944,nan
haut,87.34766591352867,nan,nan,nan,168.5464702028584,156.38921575553454,0.5863940030902703,nan
bas,52.9683248084793,nan,nan,nan,81.65249901634535,70.93966871906012,0.616777736066314,nan
bas,51.361781891713036,nan,nan,nan,80.97521240246712,73.63165427059366,0.6168358638099313,nan
bas,39.35539143447256,nan,nan,nan,80.63634665868881,53.13234189300495,0.648516083158675,nan
bas,38.19523142916794,nan,nan,nan,77.33752181529755,50.348324251040964,0.6358649153066421,nan
bas,38.071213992505626,nan,nan,nan,76.0864425264392,49.42409227251771,0.6353829048191456,nan
bas,39.362172421530424,nan,nan,nan,78.48602430564198,50.442689282126466,0.6443141509928437,nan
haut,66.04852860363296,nan,nan,160.1454864055146,167.17245564090808,166.44945920722375,nan,nan
haut,66.36041609506603,nan,nan,160.24571236720362,167.82407105146558,166.8746214540923,nan,nan
haut,66.66453471665986,nan,nan,160.42088342332914,168.35253207670112,167.27033863243872,nan,nan
haut,66.82713639179468,nan,nan,160.66588763968215,168.77513477456606,167.5981799264666,nan,nan
haut,66.93513856640045,nan,nan,160.88631613937667,169.17796903472075,167.9164433290335,nan,nan
haut,66.9614533404139,nan,nan,161.15662275252495,169.39944147061684,168.17256629127445,nan,nan
haut,66.92563504467142,nan,nan,161.414247976572,169.4708041340751,168.29965843368754,nan,nan
haut,66.92978405616984,nan,nan,161.58146262848558,169.48315995282323,168.38274674394438,nan,nan
haut,66.95535389191123,nan,nan,161.65331164036186,169.51397353047778,168.44097212355913,nan,nan
haut,66.98230410264627,nan,nan,161.6807072388057,169.46256105079007,168.45494381403745,nan,nan
haut,66.99457535383632,nan,nan,161.69168298432717,169.38004380480993,168.43865253614126,nan,nan
haut,67.24210990058202,nan,nan,161.61923318429896,169.18518511778353,168.4732628349071,nan,nan
haut,67.74015890233672,nan,nan,161.39024361074294,167.95840468879234,168.21410566673228,nan,nan
haut,62.550232818580724,nan,nan,162.22746195761033,167.88669548740216,165.75729224722352,nan,nan
haut,63.16703233169719,nan,nan,162.12773358702867,168.83164655487394,166.5193248441236,nan,nan
haut,63.6643534482961,nan,nan,161.98397068997622,169.69223993734857,167.17302883108226,nan,nan
haut,64.09929342591417,nan,nan,161.68534877883866,170.48321908686796,167.69405396807008,nan,nan
haut,64.47981269110255,nan,nan,161.42508448386647,171.12995754207165,168.11579220447317,nan,nan
haut,64.81775196785829,nan,nan,161.3549344283774,171.62309875457956,168.46936004961924,nan,nan
haut,65.11980223124543,nan,nan,161.4255740887395,171.97551703518008,168.74180224967296,nan,nan
haut,65.32947329941061,nan,nan,161.54298786023142,172.19936012682757,168.9481414677774,nan,nan
haut,65.41390683103617,nan,nan,161.69436357413227,172.32950038866542,169.12186490170726,nan,nan
haut,65.43400405288601,nan,nan,161.84935815017548,172.40801077640606,169.26067632120183,nan,nan
haut,65.45134525327299,nan,nan,162.0183240651567,172.44166808020302,169.4001999559184,nan,nan
haut,65.47754960715962,nan,nan,162.20414919523924,172.45109031071513,169.53855453224187,nan,nan
haut,65.49536911159854,nan,nan,162.3541849710448,172.4522681253173,169.65371877149192,nan,nan
haut,65.54879858719617,nan,nan,162.4613556580873,172.3511070974979,169.73350831909187,nan,nan
haut,65.68844512570693,nan,nan,162.4100082757538,172.14836858614908,169.61997141674306,nan,nan
haut,66.13837629919465,nan,nan,162.07438297038516,171.6765502770169,169.3882780485982,nan,nan
haut,66.56520347603937,nan,nan,161.77188277288624,171.17709383963822,169.18211772879278,nan,nan
haut,66.79440986628684,nan,nan,161.78843108748254,170.39296754327881,168.8901567204627,nan,nan
haut,66.7601870429158,nan,nan,162.01733922391946,169.19645300799195,168.1026130361654,nan,nan
haut,66.59681828743315,nan,nan,162.24530962976985,167.77267198480803,166.89608960638333,nan,nan
haut,61.74946979608565,nan,nan,161.81279239945985,167.77914866267508,166.2730931080532,nan,nan
haut,62.186632786517244,nan,nan,162.0373717216144,168.71282618463977,166.81239306315402,nan,nan
haut,62.617256715554184,nan,nan,162.16743513892712,169.48204554296154,167.3159280733815,nan,nan
haut,63.028802291699556,nan,nan,162.128405092775,170.19184796193238,167.81121191690923,nan,nan
haut,63.355082022038886,nan,nan,162.05642659820117,170.78538992303663,168.21457955840376,nan,nan
haut,63.598733185616396,nan,nan,162.0475787750018,171.21822673082832,168.53621835527824,nan,nan
haut,63.78585307989245,nan,nan,162.0654390204758,171.5694828325574,168.8112216587292,nan,nan
haut,63.948686078130734,nan,nan,162.1993468119172,171.85864533488592,169.02153377054165,nan,nan
haut,64.04582798124056,nan,nan,162.32440735838136,172.1079521795657,169.1913498852562,nan,nan
haut,64.12738808403198,nan,nan,162.44952068330156,172.34022578867373,169.3336017262417,nan,nan
haut,64.15696665789261,nan,nan,162.61341392611806,172.5259659432738,169.428351389683,nan,nan
haut,64.16219197824365,nan,nan,162.78673712753152,172.65544006942898,169.47670266551387,nan,nan
haut,64.20797561163252,nan,nan,162.9741629580767,172.73309563171514,169.51363661944674,nan,nan
haut,64.28610480433292,nan,nan,163.17489303524238,172.78680782510415,169.55579552227633,nan,nan
haut,64.35126583308703,nan,nan,163.3781526399533,172.77767723900325,169.56259834542436,nan,nan
haut,64.4005139558999,nan,nan,163.53175427885856,172.7140818974493,169.54408065793885,nan,nan
haut,64.63231275892281,nan,nan,163.46718177862027,172.27737635851537,169.43120341429494,nan,nan
haut,65.21561172542822,nan,nan,163.11055826372333,171.51631458183698,169.3196018039168,nan,nan
haut,65.93871732472378,nan,nan,162.60386606014384,170.45011788577818,169.04307042458953,nan,nan
haut,66.59720792723031,nan,nan,162.41505381524902,169.34865807526722,168.59464688951965,nan,nan
haut,67.06800927474256,nan,nan,162.31212333989572,168.15828653434704,167.97457791732495,nan,nan
haut,63.42666566924368,nan,nan,160.26024246221561,167.06014169830888,166.19775935999604,nan,nan
haut,63.80286459037879,nan,nan,160.2510100243588,168.11541003969947,166.73661083066605,nan,nan
haut,64.11169595978375,nan,nan,160.52673056580159,168.92346543964325,167.17549711574708,nan,nan
haut,64.30956677428954,nan,nan,160.8770366553418,169.56768649314915,167.5354042240528,nan,nan
haut,64.49038515853293,nan,nan,161.15639621648765,170.02980370011934,167.86483664081115,nan,nan
haut,64.67638788517652,nan,nan,161.4449246698022,170.34487165475085,168.12225412062415,nan,nan
haut,64.70000098112547,nan,nan,161.74194223201056,170.57263418510408,168.28525975805755,nan,nan
haut,64.71393777672738,nan,nan,162.06167919359592,170.73354867294447,168.42029592854996,nan,nan
haut,64.70702133205549,nan,nan,162.35581162625522,170.8530916436082,168.50934416399284,nan,nan
haut,64.65891417182091,nan,nan,162.58883008527437,170.9102172582753,168.4658691383654,nan,nan
haut,64.55615631720191,nan,nan,162.76869948434498,170.9205188303392,168.29290472162967,nan,nan
haut,64.42948056199376,nan,nan,162.92402113187924,170.90807517280285,168.10276343285634,nan,nan
haut,64.26378226460524,nan,nan,163.07178932333738,170.85621201045254,167.8890570205541,nan,nan
haut,64.09994023005544,nan,nan,163.19274594211947,170.78330856987986,167.67350551972035,nan,nan
haut,63.96842316051478,nan,nan,163.30658689271448,170.71014315880757,167.50234710994562,nan,nan
haut,63.88611593572347,nan,nan,163.45184790227765,170.63458726027451,167.36962886419147,nan,nan
haut,63.83374696077528,nan,nan,163.58191692104427,170.55699736859737,167.2678233623486,nan,nan
haut,63.89837264131219,nan,nan,163.59300236501272,170.45336873593084,167.18350385474136,nan,nan
haut,64.01588678183231,nan,nan,163.54265529272993,170.33899822061707,167.11554167307696,nan,nan
haut,64.75304334113214,nan,nan,163.21821049378767,169.8749881968578,167.03660395245197,nan,nan
haut,65.7997589125576,nan,nan,162.6152707185736,168.70558594246367,166.8005031365006,nan,nan
haut,66.46266105464107,nan,nan,162.4289071304287,167.18508251697654,166.20541781238535,nan,nan
haut,57.967094180008424,nan,nan,160.50971187529342,168.96323375144803,165.81772760703393,nan,nan
haut,58.411177546330556,nan,nan,161.69596328144445,169.346775705464,165.25504786428917,nan,nan
haut,59.65652675099067,nan,nan,164.9582291335983,170.17874831157235,164.42367123854913,nan,nan
haut,61.17476281820943,nan,nan,168.110890058235,170.77761071402358,163.9566311523491,nan,nan
haut,62.58750039794148,nan,nan,170.4247641716207,171.1120341090751,163.99628385966966,nan,nan
haut,64.19511835985958,nan,nan,172.07274146804505,171.25779804990768,164.06535652140397,0.5562443483893729,nan
haut,64.94709121800894,nan,nan,nan,171.34271993548793,164.08744193312774,0.5557291172289271,nan
haut,64.67019821704588,nan,nan,nan,171.376252164796,163.62394872433615,0.5516800495986063,nan
haut,64.39101999635555,nan,nan,nan,171.40081145553594,162.7306084580868,0.5432855740590692,nan
haut,64.92372534125036,nan,nan,nan,171.49572150886345,161.17367423958598,0.5363067400817713,nan
haut,65.09128497086652,nan,nan,nan,171.78532727019322,159.44056348115816,0.5286629648046308,nan
haut,64.87423276400143,nan,nan,nan,172.14032122819663,157.6507947451218,0.5215536284315643,nan
haut,64.66946532280863,nan,nan,nan,172.53533576242938,155.43516582665873,0.5090632734514302,nan
haut,62.71924139944607,nan,nan,nan,172.86463274876564,152.61193249564295,0.49150956291229264,nan
haut,59.582395574581035,nan,nan,nan,173.46780116602858,148.57038265827157,0.4715628570817278,nan
haut,56.07129535003441,nan,nan,nan,173.64154269027867,143.7159023977529,0.4525151918894965,nan
haut,51.98918496631186,nan,nan,nan,173.3270464114492,138.59242581895256,0.4392897563493637,nan
haut,48.71956600691644,nan,nan,nan,172.8717381389481,134.18129260319492,0.42902685385233064,nan
haut,45.00158006275794,nan,nan,nan,172.1645531232266,129.38313922814385,0.42080876706656617,nan
haut,40.66224478924754,nan,nan,nan,170.68141794121746,123.99871492643632,0.4164317329542448,nan
haut,38.62278614187706,nan,nan,nan,168.52030053926646,118.0721232500913,0.41671135303432105,nan
haut,37.854809617156825,nan,nan,nan,168.6262908333471,111.44502076010977,0.4179840515557269,nan
haut,37.14367387148082,nan,nan,nan,167.94107900864563,106.71621130291811,0.42271650849526937,nan
bas,45.26867927685831,nan,nan,nan,80.76369529965942,80.12541031053036,nan,nan
bas,46.08924977446516,nan,nan,nan,80.54891629628914,79.32191990266523,nan,nan
bas,46.54229968895402,nan,nan,nan,82.02221910047328,78.53157983537247,nan,nan
bas,46.47175210609152,nan,nan,nan,82.51019978592369,77.69340685053065,nan,nan
bas,46.44603557538993,nan,nan,nan,81.72469650941336,77.12864984373698,nan,nan
bas,46.259096584525906,nan,nan,nan,80.01082647418856,76.70746330006017,nan,nan
bas,46.29787239006927,nan,nan,nan,79.9305393427171,76.40090577978161,nan,nan
bas,46.12163603146693,nan,nan,nan,79.677812367372,76.74795729815969,nan,nan
bas,46.00899522783603,nan,nan,nan,80.29924942445228,77.32159155510556,nan,nan
bas,45.951392715170876,nan,nan,nan,80.2246271730186,78.71237691242831,nan,nan
haut,54.035046852881806,nan,nan,nan,168.28704747156942,137.91241665899327,nan,nan
haut,55.065236311995136,nan,nan,nan,169.05449817054523,142.1677795752701,0.46957006218162417,nan
haut,55.41476581823187,nan,nan,nan,169.75026365085625,146.4041539656672,0.48037629174970287,nan
haut,55.578479141605385,nan,nan,nan,170.25146089001785,150.66907829612802,0.4910189054652428,nan
haut,55.76658562100682,nan,nan,nan,170.55073029826184,154.36559128524513,0.5054704174604157,nan
haut,56.050192367360985,nan,nan,nan,170.79126794485782,157.45698629529466,0.5178251889192964,nan
haut,56.543589003542806,nan,nan,nan,170.96604749694598,159.79671647496988,0.5292168707183471,nan
haut,57.425020212375486,nan,nan,nan,171.13350564600734,161.62883615796719,0.5393501528730037,nan
haut,58.20045977349692,nan,nan,nan,171.2309832758091,163.00723239035537,0.5483571129042091,nan
haut,59.046496987051626,nan,nan,nan,171.24984376640163,163.77511251342648,0.5528774981204845,nan
haut,59.61147449780319,nan,nan,nan,171.23070636689343,164.3318420942035,0.558208986579782,nan
haut,60.21715853539982,nan,nan,nan,171.1419299690296,164.71929529188841,0.5619472418740947,nan
haut,60.594984756191046,nan,nan,nan,171.0018587540913,164.93382982118987,0.5637487682768476,nan
haut,60.878386383055535,nan,nan,nan,170.84130579160626,164.96051495846973,0.5641219633450995,nan
haut,61.21691994501876,nan,nan,nan,170.68671433167353,164.85105792561103,0.5649424992724283,nan
haut,61.399818979394375,nan,nan,nan,170.48260751095822,164.7429429509433,0.5656734868195695,nan
haut,61.671394702573785,nan,nan,nan,170.3235527004921,164.6078032055891,0.5666155669049951,nan
haut,61.78651856314835,nan,nan,nan,170.19829350585078,164.38509203003463,0.5663653789307307,nan
haut,61.834421992950745,nan,nan,nan,170.14189551797875,164.1255946264275,0.5642028299172549,nan
haut,61.76766065454981,nan,nan,nan,170.04980745370568,163.90377250708278,0.562107009588154,nan
haut,61.66787908345703,nan,nan,nan,169.94416528571753,163.54039418366932,0.5601583521345845,nan
haut,61.69150014262374,nan,nan,nan,169.86743767611094,163.1837176613269,0.5597247347105188,nan
haut,61.782510739531695,nan,nan,nan,169.77943893445666,162.84481579764088,0.559291337019828,nan
haut,61.976265045760115,nan,nan,nan,169.6651575833576,162.25695309113422,0.5552352710436579,nan
haut,62.35794951907474,nan,nan,nan,169.52632429373548,161.0369988849745,0.5474561070573833,nan
haut,62.459046137806055,nan,nan,nan,169.28304163939336,159.09345106762729,0.5365626697091308,nan
haut,62.63031807338955,nan,nan,nan,169.03958021139903,157.43334277241672,0.5297250788739108,nan
haut,62.623011912196056,nan,nan,nan,168.65001836404772,154.9985458476179,0.515771626109742,nan
haut,62.63222765837768,nan,nan,nan,168.45854072282356,153.11761439192648,0.5067228357049749,nan
haut,62.58781480441748,nan,nan,nan,167.96608473035147,150.49809377868428,0.4904032448117884,nan
bas,49.435744092091426,nan,nan,nan,82.49448900952481,81.1956365032401,nan,nan
bas,49.13083148164531,nan,nan,nan,75.9727327342909,79.39831706793272,nan,nan
bas,49.05827321320208,nan,nan,nan,71.1715228896174,77.87186794369474,nan,nan
bas,48.9856421996957,nan,nan,nan,68.55615957944045,76.26517507577967,nan,nan
bas,49.27733375278131,nan,nan,nan,68.39652305198098,75.07368122661381,nan,nan
bas,49.69552899809702,nan,nan,nan,69.89226006654978,74.1100301855686,nan,nan
bas,50.08235368021303,nan,nan,nan,71.13906732625883,73.236593169257,nan,nan
haut,75.25212207575032,nan,nan,nan,168.6099926732893,166.04774456710197,nan,nan
haut,77.24582137629739,nan,nan,nan,170.25359997841926,170.04961813177093,nan,nan
haut,77.16042764150166,nan,nan,nan,171.50501489655892,172.45709531187248,0.6727030452647482,nan
haut,77.65542805914718,nan,nan,nan,172.60420207469986,174.53960963903396,0.7003910662578208,nan
haut,77.12144564882198,77.08675976223526,nan,nan,173.2234211411896,175.76010417937206,0.7255246665362858,0.7792501805785824
haut,76.0129494212253,77.82528930643915,nan,nan,173.4746306346105,176.5893040402312,0.7470158017053041,0.7984321211028322
haut,72.83338300744798,77.31312043509317,nan,nan,173.76851965347598,177.08334636158995,0.763737484799948,0.8124788681501559
haut,69.34079840595052,76.43667043252702,nan,nan,174.1796096023686,177.4370093829589,0.7778296898280563,0.824797755329025
haut,66.85203391408845,74.9238861403643,nan,nan,174.53780269813728,177.3275379339125,0.7888928961105325,0.8320375089957099
haut,64.34066243779186,72.74795084311816,nan,nan,174.75603180213176,176.9525928297181,0.7965578553722976,0.8351002840946528
haut,62.896732558584326,71.40125312576377,nan,nan,174.64405856866455,176.141165358139,0.8012122699793038,0.8325018871251431
haut,60.827616452517724,69.99360530035206,nan,nan,174.21010226616977,174.87166386014263,0.8057279376514256,0.8262265822587013
haut,58.65740175018997,68.03975018993204,nan,nan,173.4950741021295,173.36283867442796,0.8068995949791398,0.8168073321270967
haut,56.215167378608875,65.84336449220608,nan,nan,172.2829588477768,171.53240671847198,0.8060082872653725,0.8029673034917103
haut,52.89457009711958,62.47046008974526,nan,nan,170.31245753037214,169.4620202044232,0.8054615402773908,0.7869081466957137
haut,50.74961369613821,59.92729589215926,nan,nan,167.49726690735739,167.0231909614152,0.8034294098439785,0.7677817946086488
bas,42.592082490344936,49.298242347922724,nan,nan,69.54508577739813,76.50353361432062,0.7593769483343129,0.6327704977086333
bas,42.16895890910929,48.1092398474889,nan,nan,56.673389868686975,60.84446627836477,0.7534516319164511,0.6255036445192171
bas,42.281517449919725,46.30520682434672,nan,nan,47.526476972756406,50.48055957450881,0.748785485325989,0.6206162542145738
bas,42.001479286263255,44.17629736119474,nan,nan,40.65933366641385,43.43342430027642,0.7449992326050099,0.6176334305944613
bas,41.910731994359814,42.731291892020636,nan,nan,36.509271485486146,38.83970703743534,0.741520702245634,0.6154556661602257
bas,41.421756825499095,41.51547963790947,nan,nan,33.642632030717444,35.5154576170362,0.73824048365207,0.6147267796417659
bas,40.694441206228554,40.49245694706481,nan,nan,31.855173827407178,33.08776632388415,0.7355672376436995,0.614129753535671
bas,40.325345758686076,39.950871701507154,nan,nan,30.9750208202891,31.7603762635169,0.7337119533992426,0.613811750404894
bas,39.99683401980951,39.97519164190037,nan,nan,30.721416576751416,31.259497373447413,0.7321480098968038,0.6132507739020308
bas,39.90473345978055,40.03551070587767,nan,nan,30.579885977214456,31.311791192152022,0.731408417728872,0.6127381540596651
bas,40.08170846224469,41.50427928450891,nan,nan,32.14325401675762,33.621569315576124,0.7308004434592901,0.6116557504230803
bas,40.729850704896386,43.810171652380646,nan,nan,35.20741329037919,39.089819153698066,0.7315874588796459,0.6110274205713198
bas,40.476513030836216,45.990230378265345,nan,nan,41.99832391711733,47.32174353163443,0.7357242668575584,0.6134143372359753
bas,40.24640150311493,46.94802121647097,nan,nan,54.70470807983718,62.0210654682573,0.7398291136519084,0.6166744496333674
bas,39.79790456486553,47.502417618614885,nan,nan,76.04433963320143,82.51525714113787,0.7488692265473476,0.6246723871358892
haut,52.276068267465064,58.886954059252375,nan,nan,170.83654940443208,171.5509646199381,0.8486303307525611,0.8202089831084078
haut,53.55146039603428,59.858370804478305,nan,nan,173.86755133854012,174.68613500215514,0.8570042396362563,0.8533036970097428
haut,54.46694460133427,60.37364935832642,nan,nan,176.0374890298084,176.7781613618197,0.8640607098255632,0.8799879130531841
haut,55.104027278657234,60.733217294122795,nan,nan,177.50502379607286,178.12618638019123,0.8695411411974292,0.8996405477521574
haut,55.365499600811724,61.119101319854416,nan,nan,178.45791219007717,178.8615224180316,0.8741557050003896,0.9129834472265447
haut,55.42777564090849,61.16212372158954,nan,nan,178.84149739554806,179.32235659383093,0.8786492775781206,0.9212034894567589
haut,55.53123003636395,61.01327501897652,nan,nan,178.90920992596122,179.19712238506665,0.8818000670979566,0.9223226309373592
haut,55.4819047395636,60.8878896064034,nan,nan,178.67334870964947,178.47716690645885,0.8840618851459601,0.9164651396683232
haut,54.071105625959866,57.872259363269855,nan,nan,177.87684325356955,177.20224669067372,0.885072424573025,0.9031318551318478
haut,52.02536105986748,55.49742341455123,nan,nan,175.98952476187011,175.5973655438508,0.8850137954560455,0.882269686374235
haut,49.63700918497129,53.62608285878485,nan,nan,173.4765070832459,173.87143497278046,0.88347101137662,0.8596801753147829
haut,47.43152084300206,52.698918757457676,nan,nan,170.4412713740657,171.61616120617455,0.8812572562649557,0.8354191887155499
haut,45.92086586442383,52.52271185804934,nan,nan,167.12606814404486,169.25758055288583,0.8792077246090698,0.8139679757715811
bas,43.15211615806165,49.9026781908114,nan,nan,77.4016722768565,86.08051063719533,0.7923013742474798,0.6566777781258235
bas,42.83803160225953,47.82679713688504,nan,nan,61.81612404771856,66.09132516071247,0.7811825443354666,0.6459966529162832
bas,42.81080579004467,46.23033707881565,nan,nan,51.217628476578106,53.291880569613156,0.7738341396870548,0.6396797557583087
bas,42.53604536647742,44.53469499458719,nan,nan,44.28914970487061,44.82873198905646,0.7677754764104766,0.6352000343415751
bas,42.07680980959285,43.08257962349668,nan,nan,39.508629413439266,38.84909498443511,0.7617167666022628,0.631341387895463
bas,42.123821514466385,41.867558361659,nan,nan,35.85172348724156,35.456847729177106,0.7571948964143066,0.629021669852841
bas,42.23757867251236,40.95117832003527,nan,nan,34.07186404649536,33.82412481317766,0.7521262082071587,0.6264280932960382
bas,42.566448278643875,40.71223365382725,nan,nan,33.631761229852,33.576710086452664,0.7487900635806841,0.6250327152332029
bas,42.77600189035806,40.943124887017625,nan,nan,33.79218041040973,34.15634030943414,0.7476701126772417,0.6245024729163768
bas,43.28694531891348,43.33719427046893,nan,nan,35.79881635560329,37.4714563362811,0.7502445969153961,0.6246742973769459
bas,42.332795112006465,46.39192541584744,nan,nan,42.01804180357716,43.70745609801169,0.7570890048929099,0.6274822380382498
bas,41.0747625987012,49.68430923305306,nan,nan,54.947391618063094,53.807548535437355,0.764406767449504,0.6308934207778754
bas,40.4919609205438,51.592376335761045,nan,nan,72.53848335165236,73.19664037387604,0.7769168904714348,0.6394742895832922
haut,51.01069130941813,57.01661156472293,nan,nan,169.2187155834511,169.4432021307359,0.8633486826416372,0.8107102359358973
haut,53.38664769462452,58.735072293463766,nan,nan,172.91507524788176,173.04830361906966,0.8654402073415984,0.8437322172888263
haut,55.20054032790511,60.28887955378063,nan,nan,175.58640780866625,175.49742555321382,0.8667660630035137,0.870549970877299
haut,56.767038016995585,61.65001529929935,nan,nan,177.42369923336156,177.037902915316,0.8669372800708608,0.8900511073854677
haut,57.62065759511272,62.34849903433965,nan,nan,178.61178997465737,178.0714401544773,0.8673205672364063,0.9041484840045981
haut,58.16146872777614,63.12553778293186,nan,nan,179.338331600206,178.706536797737,0.8674089211622106,0.9135695838141874
haut,58.504157476048604,64.2236858984527,nan,nan,179.60985877718784,179.00826326822795,0.8675146494880273,0.9181115962167737
haut,58.455747727649,64.7322263444595,nan,nan,179.62777409597334,179.13530650281083,0.8681270509111321,0.9196495437171406
haut,58.23301724985256,64.89794065953645,nan,nan,179.562239974797,178.6521991017951,0.8687665466694048,0.9158563388112355
haut,57.454084967176975,64.64781754593992,nan,nan,179.0197275288338,177.5640580975164,0.8695401204060106,0.9045111227773983
haut,55.79896810132758,62.92104910165776,nan,nan,177.52410074009455,176.0418356693635,0.8690701370457824,0.8845744727958288
haut,53.334466174703664,59.85358321191946,nan,nan,175.22133576809685,174.18288365378038,0.8678431998599457,0.8600809311434684
haut,50.88628718994348,57.764391340928135,nan,nan,172.59785378881762,172.14974874305042,0.8661090257939894,0.8360200909847554
haut,48.979529880150736,56.39777448061804,nan,nan,169.78989184234158,169.73305881642457,0.8642054079935092,0.8129884621919321
bas,47.07800800863235,50.36423876468078,nan,nan,69.58877258161047,79.09770144702841,0.7768772835980199,0.6273724637070485
bas,46.865991871443626,49.031313324454935,nan,nan,58.740413138068135,66.46496770914557,0.7668329013261929,0.61529347002835
bas,46.48079645437644,47.93325270667654,nan,nan,51.10705733636398,56.4735706065941,0.7580750970576131,0.6059613061535516
bas,46.03256938034846,46.51322447239596,nan,nan,45.38928194963722,49.930127030701634,0.7532510817983762,0.600460164013355
bas,45.87636056333864,44.70312917330223,nan,nan,40.96902559890098,45.647793487398616,0.7491437620227037,0.5968285662147651
bas,45.41799724034844,43.50357423257738,nan,nan,37.952644932858156,42.53730344266886,0.746534779740809,0.5952282654184482
bas,45.079275883191265,42.61704572230088,nan,nan,36.108871478508135,39.97423791264565,0.7445850970764379,0.5948795186293571
bas,44.882587254309925,42.02663088212169,nan,nan,34.963086643861054,38.580798561298316,0.7412110494286845,0.594999718898807
bas,45.11280463222484,41.78353570167889,nan,nan,34.307081162428354,38.48241229411033,0.7370800644742388,0.5943514718503402
bas,45.352159223327114,42.223126631548695,nan,nan,34.522837583357195,38.756036878613074,0.732063006131904,0.5921577857723114
bas,45.44825141763862,44.252831292367325,nan,nan,37.533791282071554,41.98131399540274,0.7283684165650288,0.588858969439088
bas,45.485000227706685,47.38033188583584,nan,nan,43.41228321311994,48.75389391565239,0.7242333326326293,0.5856777489045929
bas,44.94070631866852,50.03049067434299,nan,nan,55.06840596001647,59.156093770934795,0.7213332645817714,0.5837658461080228
bas,43.72583154319949,50.71032229800117,nan,nan,73.328565278868,76.15226858134304,0.7212090012565732,0.5848464935469209
haut,54.869627351048464,58.71055522674955,nan,nan,170.85757416559957,172.65722697867773,0.8179721866227754,0.8035630128482494
haut,55.54022022444614,59.500878167215156,nan,nan,173.86986986572785,175.61981270537902,0.8280555622857227,0.8395346754764956
haut,55.95269871742346,59.82899409452685,nan,nan,175.99328129686785,177.52778509006308,0.8365262482423204,0.8672677397909294
haut,56.224692828442784,60.22641077700368,nan,nan,177.31001740541458,178.8614052067946,0.8434964020941974,0.8876600688343442
haut,56.06088201761267,60.470245388317416,nan,nan,177.88995488287168,179.55349597846921,0.8497294655341311,0.9001571978087112
haut,55.915692008275684,60.36048656856132,nan,nan,178.10943699357966,179.6863383812148,0.855560908217869,0.9082855638054746
haut,54.973348634760455,59.062960697946814,nan,nan,178.2366704354748,179.62735324007434,0.8600927062478932,0.9097730170583412
haut,53.41669443244782,57.8111417205144,nan,nan,177.74463890126083,178.65521137483432,0.8626016499460001,0.9006925388919516
haut,50.87002770968878,55.259677819281734,nan,nan,176.23708840320728,176.88227140807822,0.8624003468897764,0.8801523471150837
haut,47.5279843758864,52.98602405446465,nan,nan,174.27357553859636,174.81123190693617,0.8603737918873127,0.8573333994190667
haut,44.91289955011055,51.07899462178823,nan,nan,171.86923873277496,172.56683576928972,0.8579377930742454,0.8343562840280004
haut,43.13071388450637,50.0651252832763,nan,nan,169.23059945140795,170.09831296362555,0.856348830124774,0.8135734107641728
haut,72.50208970868363,nan,nan,nan,167.0711800492392,177.48478237092402,0.7425276442752428,nan
haut,73.89438482864291,nan,nan,nan,167.91239670549965,178.66018415816933,0.7468849215166368,nan
haut,74.61188323436048,nan,nan,nan,168.65746520849487,179.07004570014882,0.7456793984889243,nan
haut,76.06445981645659,nan,nan,nan,169.47179838273522,179.46748859706656,0.7566865086740401,nan
haut,75.75427731114642,nan,nan,nan,170.181548319077,179.58378279007985,0.7572369159013576,nan
haut,75.962325818444,nan,nan,nan,170.79835491396395,179.5247426137098,0.765591923255458,nan
haut,77.6199150361347,nan,nan,nan,171.31157883187245,179.32270931553916,0.7794146260598869,nan
haut,79.57643546689272,nan,nan,nan,171.86237830937736,179.09480635058918,0.7910606184946251,nan
haut,79.85185900113825,nan,nan,nan,172.1845409961907,179.52302201445298,0.772577584294269,nan
haut,79.72852834417407,nan,nan,nan,172.46853747562832,179.36187952722224,0.7793068587898797,nan
haut,78.94348898471264,nan,nan,nan,172.2786029096284,179.5361023148339,0.7559848405295032,nan
haut,78.9021734921041,nan,nan,nan,172.1529108739544,179.59019215652765,0.7629851567797534,nan
haut,78.87510341902578,nan,nan,nan,172.35094358806165,179.5441716612068,0.7463887615171716,nan
haut,78.61098489261154,nan,nan,nan,172.63362434740358,179.47100812658522,0.7266932450159739,nan
haut,78.77518296341329,nan,nan,nan,172.88530097900534,179.2846156808632,0.7105508069052305,nan
haut,77.78130098934132,nan,nan,nan,173.09196141336452,178.97683183321007,0.6937102706895484,nan
haut,77.4557307596229,nan,nan,nan,173.35248263878816,178.819063413735,0.6790229759047811,nan
haut,76.5920980794403,nan,nan,nan,173.64289279671425,178.7859953035881,0.66816827915369,nan
haut,75.87904131057815,nan,138.42536474965226,nan,173.98801026041522,178.82971200313924,0.6565974365521722,nan
haut,75.11800530045589,nan,137.69374279173633,nan,174.36899891500445,178.92767498546405,0.6443627804285414,nan
haut,74.72392726406717,nan,136.6819803277081,nan,174.84987172050148,179.0830974186321,0.6335333741616035,nan
haut,74.92966404827827,nan,136.21992918465,nan,175.40945320830286,179.2434186875235,0.6246231074515425,nan
haut,75.1148376925873,nan,137.23005018771516,nan,175.95183092594067,179.3632473621037,0.6194159913272383,nan
haut,75.37826120304256,nan,137.99002556156051,nan,176.35907482751566,179.46182137649973,0.6168500725287795,nan
haut,77.20699940799179,nan,139.38393521453412,nan,176.71985403309048,178.88272075365808,0.6628781565490007,nan
haut,79.74562432777888,nan,141.60233087300463,nan,177.09040651717407,177.15612381220498,0.7174254919756922,nan
haut,80.21419747187515,nan,142.77600817800595,nan,177.40618844459763,176.5731735689497,0.7323894924696415,nan
haut,79.75808967071687,nan,144.23971332761127,nan,177.72391714078975,176.50305493169392,0.7305789164744634,nan
haut,79.96462791097618,nan,145.25377708287823,nan,177.99634879488872,176.66924308367444,0.7211683738336159,nan
haut,80.93189432870072,nan,145.88168859994946,nan,178.25208304639662,175.73633666199143,0.7516444333490528,nan
haut,81.99809043101773,nan,146.3953322415651,nan,178.50788093384043,174.84847784085946,0.7820703255345272,nan
haut,82.08223161078594,nan,145.55606621527198,nan,178.77913335813759,174.22129916832327,0.8036871617108887,nan
haut,81.8588996640019,nan,145.04804743455102,157.0786056774076,179.02208495776287,173.74087909467661,0.8219421262743025,nan
haut,81.27106546820092,nan,144.7346351848294,155.6987092190563,179.19463987301302,173.46619986364686,0.8350285036645466,nan
haut,80.6587542424214,52.380063164324525,144.63709517897007,154.6696124049555,179.2891785433692,173.3147217555787,0.8433957233575816,0.9296701087216209
haut,79.87515916694022,51.963159701696185,143.59221332042242,153.10185440884143,179.352100248238,173.3021756414683,0.8485706498237621,0.9329106736663256
haut,78.90171435693405,50.66876896310305,143.2087660427541,152.4816242474943,179.343227204583,173.5096997299641,0.8508743218377147,0.9320702330795968
haut,77.34884048022553,48.777921149488016,141.89363332003995,152.57826998458435,179.10671291842237,175.3998338454003,0.824651538070133,0.8945171791514851
haut,75.80947092934773,46.71300015683191,140.4228620727176,153.17702927388282,178.57864781207897,178.26470158065007,0.7831516660869254,0.8406462426447867
haut,73.8772479459321,45.01620532672808,140.15878472630212,154.0989818607408,177.99075605855512,178.14845101770499,0.7343793591247029,0.7807144533903284
haut,70.77360906236362,43.011718917325204,140.0308437105151,154.83087045248698,177.2880731963041,174.91468592015684,0.6968005878218061,0.7286651067103693
haut,67.9135204668147,nan,140.08161951267004,nan,176.3408243552748,171.69633754970428,0.6586407322567333,nan
haut,64.08668510390551,nan,139.9962274966578,nan,175.23682717916492,167.95238425991582,0.6186510619672352,nan
haut,60.512449287346215,nan,140.82061898420451,nan,174.21586107188412,165.11326228249254,0.680129396666102,nan
haut,57.18175284804426,nan,142.85360141880332,nan,173.2610306084049,161.23167590017766,0.6965588931615012,nan
haut,53.35843926970171,nan,145.07525260825457,nan,172.38094595864845,157.18382860606815,0.6999178684179359,nan
haut,49.75469931815026,nan,146.22695616398215,nan,171.3759435639817,153.21187441187615,0.7021245799572262,nan
haut,47.220049314195236,nan,146.07832014545522,nan,168.81659525910544,149.29914818531353,0.6819499748383971,nan
haut,55.81549302592398,nan,145.66839974915652,nan,168.0946435535919,154.67627966195994,0.7172638999062807,nan
haut,61.474357608428186,nan,147.75943374954227,nan,169.30287779883253,160.50482190436838,0.6719048322479648,nan
haut,65.12717936649133,nan,148.9126973868991,nan,170.87461197551173,165.71712022153272,0.6434118697098048,nan
haut,68.40879813871541,nan,148.43134092382437,155.91065222606687,172.35238342637552,169.76884526593352,0.6205209786209466,nan
haut,69.97423262118932,nan,148.82628853987305,157.06674522849863,173.94773978052086,172.8791014173817,0.6061340256564404,nan
haut,71.13960888430007,nan,149.7279859422876,158.2381201291623,175.0158334619051,175.24259849209395,0.5955202775406336,nan
haut,71.89801214235858,nan,151.5509456483774,159.2316872727282,175.77401355932565,176.741031005534,0.5886520822044947,nan
haut,72.29782073055034,nan,152.93626403347267,159.50552087006912,176.3296957879542,177.71153359968082,0.5802069558917388,nan
haut,72.17361547642922,nan,154.42030365851264,159.64471081158686,176.74778084752865,178.24274630029151,0.574552686372688,nan
haut,72.14910858000373,nan,155.2110281376012,159.71705327694673,177.06418668195144,178.53160521052567,0.5710918764077435,nan
haut,72.95277770349888,nan,154.13438918194936,158.76256115120532,177.30362849587397,178.50989780022883,0.565030369742304,nan
haut,74.45558166278386,nan,154.66409858119397,159.91171533172974,177.4920793456958,179.34126986240895,0.60796321262364,nan
haut,75.92607553342327,nan,156.9576051313713,161.20340403862693,177.54742826939327,179.59491599601523,0.6545457801052899,nan
haut,77.40437406900669,nan,160.37247798917346,162.70763331664403,177.47225294766596,179.3909674565544,0.7064417777661066,nan
haut,78.32213290146635,nan,162.77776750290587,163.900043810467,177.0312899300302,178.44032317806824,0.7480495131385457,nan
haut,79.17159489290577,nan,164.4861890140947,164.38030444576947,175.9814035477022,177.16909321901213,0.7770424934204724,nan
haut,79.84059863488574,nan,165.81082777793983,164.56733406352055,174.4941868718281,175.49646635649623,0.8042365468184624,nan
haut,78.38188931663028,nan,166.49034366591655,163.13871621644876,172.87311115247667,173.23656693691817,0.8117482127338389,nan
haut,76.90425491444033,nan,166.01134196819459,160.54130031885197,171.33107534378837,170.83561136854186,0.8046019860575679,nan
haut,75.39857488142984,nan,164.85876693439727,158.0495852435939,169.7560993787068,167.96188036274685,0.796584201672542,nan
haut,69.54569054013443,nan,163.17069860591616,156.05847758244053,168.40057374762517,164.43152021185824,0.7896968043155328,nan
bas,33.0177115149029,nan,nan,164.63071274948473,80.94514966611662,76.03616005228263,nan,nan
bas,32.86456022535059,nan,nan,164.75984164564716,78.39470157157709,75.50006496060786,nan,nan
bas,32.791927491756034,nan,nan,164.82038999171547,77.0145311679412,75.27616059872639,nan,nan
bas,32.42968714371158,nan,nan,164.36094539438886,76.23245720974823,75.28428523980507,nan,nan
bas,32.2803377126605,nan,nan,164.00302767910517,75.89874193847601,75.08184995318068,nan,nan
bas,32.35866479087738,nan,nan,163.35872753649852,78.00123327907032,76.58835690554146,nan,nan
bas,33.100081756442876,nan,nan,162.69046215708642,81.93007125857906,80.01118013357517,nan,nan
haut,63.99529594153043,nan,nan,nan,167.66998151972075,164.8295872352101,0.5167346617346036,nan
haut,65.13692775415593,nan,nan,nan,169.72237679008018,167.85145218240314,0.5229089023677381,nan
haut,65.8563689903388,nan,nan,nan,171.18222114672005,170.0903153523371,0.5269616583849906,nan
haut,95.80360102483004,nan,nan,nan,173.12181528789307,152.17478324167936,0.6294384257442901,nan
haut,96.30912583079729,nan,nan,nan,172.16681886818833,152.65942303541948,0.6217575597316097,nan
haut,98.40048329789666,nan,nan,nan,171.1831308854372,152.62960646197524,0.6113396059550894,nan
haut,100.01654167643298,nan,nan,nan,171.25109453240174,151.66543560591998,0.6106598866917148,nan
haut,100.88535909923615,nan,nan,nan,171.5568623135547,151.3879703455684,0.6083047325676911,nan
haut,100.97575836374158,nan,nan,nan,171.58509615279806,150.57233386621513,0.599686866047151,nan
haut,99.46791655071408,nan,nan,nan,171.41557019145404,149.35600711296672,0.5912389855827306,nan
haut,99.38388555629398,nan,nan,nan,171.56188870442134,147.77772917632504,0.5844219741102693,nan
haut,98.53594497661426,nan,nan,nan,171.43859928185833,146.54981947415942,0.5791636887867867,nan
haut,96.45030513471045,nan,nan,nan,171.37084712292267,144.95018462569578,0.5765023842865947,nan
haut,95.60300948093928,nan,nan,nan,171.1891730788231,144.06577237856064,0.5761849919691986,nan
haut,95.855406593894,nan,nan,nan,170.89409536676735,142.92259974675108,0.5790028332522639,nan
haut,95.82299146763499,nan,nan,nan,170.61346750651447,142.01303991936902,0.5796436015404111,nan
haut,96.06608939372501,nan,nan,nan,170.3448145542355,141.08962042839343,0.5882161480612189,nan
haut,98.49348336604137,nan,nan,nan,169.80609739566873,140.08970665334965,0.5968143689644811,nan
haut,100.44589076552276,nan,nan,nan,168.61463610065502,139.76257753454308,0.6215113040554007,nan
bas,99.32588269729266,nan,nan,nan,65.2352875877826,83.64521203708851,0.5811095094610459,nan
bas,106.98788421756716,nan,nan,nan,51.19776967868885,79.17969169341809,0.5484326736496905,nan
bas,107.95782097549773,nan,nan,nan,42.07312356070988,76.48557089222082,0.5390312734112221,nan
bas,103.21315416436421,nan,nan,nan,32.82136974194612,68.95291059006615,0.5476081534361829,nan
bas,100.4620803083054,nan,nan,nan,27.48490349970942,68.16876320466746,0.5510690898974522,nan
bas,110.25392819338775,nan,nan,nan,23.730064541266554,69.17020047188775,0.528118390038991,nan
bas,108.3111254863323,nan,nan,nan,23.649770113865657,70.98431140335715,nan,nan
bas,nan,nan,nan,nan,22.483183601939082,70.00825716502337,nan,nan
bas,103.34142106876259,nan,nan,nan,22.58363124151563,58.59904734361658,nan,nan
bas,107.01946062295605,nan,nan,nan,23.880296047599902,48.62995728778368,nan,nan
bas,104.43434258148491,nan,nan,nan,23.59640900926052,39.77333146082653,nan,nan
bas,103.53875594253599,nan,nan,nan,22.24054301892466,33.21705651231994,nan,nan
bas,98.62673296594191,nan,nan,nan,22.295995570548275,30.519716061532716,nan,nan
bas,94.47600592555261,nan,nan,nan,22.346384946862802,27.121806555609794,nan,nan
bas,80.21061926924389,nan,nan,nan,22.35823024241154,24.36651315169677,nan,nan
bas,70.36851596414897,nan,nan,nan,22.19330805224666,22.16562333793506,nan,nan
bas,62.20358818617813,nan,nan,nan,19.93501391211908,20.69911218252338,nan,nan
bas,53.70564023534613,nan,nan,nan,17.97644483724186,19.261685763226346,nan,nan
bas,47.3831159972229,nan,nan,nan,15.42653688809288,18.89573061183448,nan,nan
bas,43.53024464725943,nan,nan,nan,13.314361657301363,18.3653163176185,nan,nan
bas,39.871878430181056,nan,nan,nan,11.723846466177086,17.609631868321436,nan,nan
bas,36.36554053070101,nan,nan,nan,10.71376170447053,17.76101771411611,nan,nan
bas,33.12950501797979,nan,nan,nan,9.82832845928712,18.471480506093872,0.648519301594741,nan
bas,30.53945603995378,nan,nan,nan,9.106739492165804,18.766850485627256,0.6366693883767377,nan
bas,28.396632999271098,nan,nan,nan,8.515267357374503,17.34551832861967,0.6535954328886152,nan
bas,26.792111819555103,nan,nan,nan,8.184729504699778,16.335127118741095,0.6637076244894626,nan
bas,25.295118049632578,nan,nan,nan,8.07298341704564,14.867404499658377,0.6823816186835691,nan
bas,24.468934902202466,nan,nan,nan,8.067043182620969,13.735221028777277,0.7006200692745317,nan
bas,23.85327975994446,nan,nan,nan,8.124356940621723,12.91916612605061,0.71922082939168,nan
bas,23.53314471174442,nan,nan,nan,8.354576418666024,12.335151140864584,0.734943389506662,nan
bas,23.285847983492772,nan,nan,nan,9.094811575254504,11.841760647935113,0.7530538567903663,nan
bas,23.697789746467738,nan,nan,nan,10.390878864623081,12.283711838514769,0.7668057209598719,nan
bas,24.95286477849914,nan,nan,nan,12.685929818068589,13.851156059507549,0.7758091415731744,nan
bas,26.90483830646695,nan,nan,nan,16.41785671073941,16.46053575096845,0.7843934704130331,nan
bas,29.637392068587822,nan,nan,nan,22.354702525096545,20.76412117074197,0.7958459883097413,nan
bas,33.70421499157256,nan,nan,nan,32.25734499456062,28.20295760223801,0.8104405636830886,nan
bas,39.89316012498593,nan,nan,nan,52.157319394650315,43.450541380026316,0.8235715613044952,nan
haut,77.2088198366276,64.12598965718355,nan,nan,167.34914246350567,165.3237661328341,0.962921505768919,0.8555212515744827
haut,78.60734686075816,65.15523031754552,nan,nan,169.19814857003462,166.5786807456253,0.9654106930230635,0.8670374590022598
haut,79.61796484910163,66.06411714830993,nan,nan,170.61581276726005,167.42940119189743,0.9674652115814234,0.8758893827223484
haut,80.33587031456521,66.90727203050197,nan,nan,171.67359564074889,168.0190823025043,0.9689852621189112,0.8825168131311443
haut,80.70744017226566,67.4828519988837,nan,nan,172.47978836407296,168.4218964058584,0.9700844715053651,0.8875368650707387
haut,80.816285159423,66.70406108513616,nan,nan,168.26668317205582,168.70534742264525,0.9709197888214891,0.8685641526657907
haut,80.97452591259587,65.98793687213448,nan,nan,167.37742176377745,168.88944103240783,0.971567834441873,0.8643917055020108
haut,81.1157309829368,65.52408185358077,nan,nan,167.7295591901005,168.99928438582856,0.971941370717022,0.8655731820071525
haut,81.27839863180911,65.11924561225999,nan,nan,168.46589637352403,169.07050312324526,0.9720178869184557,0.868361367250117
haut,81.42274929463616,64.86582405895076,nan,nan,169.32343790093762,169.1142049122631,0.972038862600041,0.871787636727656
haut,81.04655252281822,64.63806514771707,nan,nan,169.99106666253735,169.16379098752392,0.9719616809123217,0.8758938753195199
haut,80.54160529514598,64.40594558545091,nan,nan,170.53580880733094,169.1419113648528,0.971300596549191,0.8790828505814322
haut,80.1360322566369,63.933619109399785,nan,nan,170.9507478243304,169.0376185793236,0.9698819847033332,0.8808258203580512
haut,80.32876247183616,63.883883890252605,nan,nan,171.20358628768994,167.932516145456,0.9670884256446721,0.8764569397014871
haut,80.66149281179426,64.72425707094655,nan,nan,171.30629986568948,166.67424392238817,0.9643262432605191,0.8706288343392968
haut,81.06667226626531,65.53466109203185,nan,nan,171.14023483367234,165.73751259677167,0.9610965485323255,0.8656363598957868
haut,77.61194443241885,65.87588379157089,nan,nan,170.70230233456306,158.3250938649256,0.9577643040681666,0.8383779627129556
haut,74.16289626666772,65.83922073588987,nan,nan,169.8659800411745,154.54434297145366,0.9545650842027551,0.8262670961229773
haut,71.83625955997675,66.00201663380327,nan,nan,168.59505999467524,152.38726550277758,0.951235537564839,0.8190981699848229
bas,37.60971308114987,41.382090710747065,nan,nan,64.21952134504032,48.59793567706322,0.8278167812685716,0.6865638373783011
bas,35.23987013938457,37.404360935554884,nan,nan,46.25632889255012,37.01021409581649,0.8190043588249561,0.676113572486708
bas,32.91401833445054,33.59170194814942,nan,nan,34.68884738981326,29.352317020954068,0.8122503506548475,0.6684043351981035
bas,30.831340534061603,30.46198013346791,nan,nan,26.84520923250156,23.438117856407036,0.8072022011460153,0.6627267078076806
bas,28.928351396645237,28.142686873526873,nan,nan,21.83052738267548,19.084953555143493,0.8027357636683974,0.6582302583700788
bas,27.414807565137874,26.474239530014426,nan,nan,18.40145908951074,15.924677840518962,0.7988426301095979,0.6546240091069837
bas,26.135343528119545,25.10773287635069,nan,nan,15.811166038651542,13.681365153888011,0.7943631819025251,0.6506009216877587
bas,25.24633663268306,24.09637441484738,nan,nan,13.856527164868256,12.091591768237555,0.7905983113933408,0.647693994275161
bas,24.46565891562165,23.09159625091781,nan,nan,12.39201040994941,10.90103353519174,0.7863858493482857,0.6459325098701614
bas,23.799506280869593,22.185179351641498,nan,nan,11.20011005338795,9.980927204284143,0.7830301599061453,0.6461301558543302
bas,23.212336428170502,nan,nan,nan,10.39813051247215,9.398061868536274,0.7788810964547066,nan
bas,22.6697256748348,nan,nan,nan,9.890396653944677,8.96040226917828,0.774702621294146,nan
bas,22.209768529500067,nan,nan,nan,9.582931036226377,8.674039835047436,0.7709583697718935,nan
bas,21.840299593242893,nan,nan,nan,9.408333261796733,8.505265059221482,0.767692418744057,nan
bas,21.535382413212233,nan,nan,nan,9.320108137246146,8.394142105663498,0.7650810923050158,nan
bas,21.29720910788378,nan,nan,nan,9.222262223927206,8.336833395159596,0.7633363530997446,nan
bas,21.088369750348836,nan,nan,nan,9.132104173524038,8.290197289800018,0.7619410351882375,nan
bas,20.896905383238316,nan,nan,nan,9.054904903245749,8.262792630359373,0.7609552109526375,nan
bas,20.752323428951005,nan,nan,nan,9.020994002422793,8.244924389288794,0.7599295128477703,nan
bas,20.632446505845362,nan,nan,nan,9.006588582105227,8.239669129687535,0.7588476865592579,nan
bas,20.51391570417048,nan,nan,nan,9.00922269619952,8.238342504863398,0.7578095379195093,nan
bas,20.416176424379465,nan,nan,nan,9.008417156358098,8.252900936789581,0.7572788003239324,nan
bas,20.338653334705104,nan,nan,nan,8.985224210518737,8.251346521239865,0.7575493829395608,nan
bas,20.333746559577744,nan,nan,nan,8.930272867075091,8.306074103542812,0.7590275126326902,nan
bas,20.462631604527104,nan,nan,nan,8.910185149658709,8.423138035991569,0.7622448515634204,nan
bas,20.79655864664846,nan,nan,nan,9.057503848117406,8.736396973410569,0.7661581766559497,nan
bas,21.264185222427717,nan,nan,nan,9.341615653202334,9.17448536928361,0.7707910503622829,nan
bas,21.968661730947492,nan,nan,nan,9.999084625653305,10.070268076933981,0.7752251717042199,nan
bas,23.046222280966514,nan,nan,nan,11.002066002412041,11.614044444207677,0.7793647056112858,nan
bas,24.583803149012095,nan,nan,nan,12.796557334923854,13.82936528335421,0.7840473379569671,nan
bas,26.924423982797677,nan,nan,nan,16.57030805275515,17.41239706509438,0.7876489020267062,nan
bas,30.6159595736553,nan,nan,nan,22.83891908553492,23.620419146420556,0.7949469567541634,nan
bas,35.659796426267334,nan,nan,nan,34.39968925333253,33.472767154925265,0.8039793608947008,nan
bas,42.3914661134691,nan,nan,nan,59.214092194207716,50.8410555870607,0.8140189872190495,nan
haut,69.989324533683,76.51716837822275,nan,nan,173.18632707275765,173.2350944817807,0.8461713045906931,0.829136709579311
haut,69.05100302069906,77.53430560586231,nan,nan,173.4573342630855,173.46342663090465,0.8391977761171617,0.8282579514901496
haut,68.91216998106128,78.64030190640601,nan,nan,173.548016335871,173.77718596594207,0.8344722721733665,0.8284482508967477
haut,69.90220932043239,79.65902406691467,nan,nan,173.67274225461298,173.9754275385944,0.8299022361085088,0.827632363917204
haut,71.17215597028607,81.79614942874167,nan,nan,173.65446012076038,174.13225118157914,0.8263347582365627,0.8261530136921806
haut,71.77393727236651,81.80708045973863,nan,nan,173.59847743046655,174.32198610594187,0.8234895706070985,0.8254794283441445
haut,72.07786064500377,81.67192957253108,nan,nan,173.5029236900617,174.54250779606295,0.821751350655376,0.8255000147909389
haut,72.32732784683299,82.3720826674015,nan,nan,173.4541893110675,174.77304471573936,0.8199109622340875,0.8257642352609058
haut,71.72810323648919,83.01691912267876,nan,nan,173.43043407448306,175.0396419883523,0.8202347068360515,0.8278002863541416
haut,70.15831116458314,82.42880666124326,nan,nan,173.3282401238409,175.23032428741647,0.8200341004713664,0.8285821532088846
haut,69.47318183959169,81.7467573398012,nan,nan,173.18270750367034,175.33256309254764,0.8198398642331879,0.8284916976399761
haut,70.03418341137046,81.76076584470982,nan,nan,172.90676347058715,175.18162741955226,0.8200067816918755,0.8265967129855457
haut,71.2599742895138,82.8385581575074,nan,nan,172.30947879002497,174.6791480267038,0.8202123879082147,0.8209595375687004
haut,73.57948481704646,84.95926059527623,nan,nan,171.2414781915574,173.69053781371102,0.8197489550117261,0.8097807350336613
haut,73.94865207737469,85.84538925971178,nan,nan,170.01500338748116,172.6989341294959,0.8203277170397832,0.7998145543315671
haut,75.70124999929779,87.09719665751093,nan,nan,168.42896569377206,171.5689799549832,0.8203332263950199,0.7898982916794105
bas,41.63471488358709,53.85885971874647,nan,nan,77.7778661103252,54.06220765417287,0.7602779284109321,0.6183437017302266
bas,40.56987123008144,52.111108412713385,nan,nan,64.83831837406797,42.308792404507834,0.7568387805247256,0.6122035323453664
bas,40.08839761363254,50.268947964329556,nan,nan,54.86051586136156,34.89284898963584,0.754596195537773,0.6081786350234842
bas,38.97678795627155,46.40076842428099,nan,nan,46.87646419891792,30.67546045288055,0.7522365928609708,0.6044241770493168
bas,38.882200233156205,44.39388310619785,nan,nan,41.17101311987689,27.866811784532267,0.7499172141923696,0.600912265791976
bas,38.593508528855445,43.05279526173917,nan,nan,36.83772750041752,25.91721359190724,0.7481344279948047,0.5977385026085922
bas,38.31634571116048,42.37272041092381,nan,nan,34.348068472208716,24.702522145900605,0.7469272449443477,0.5961550793319235
bas,37.85501180657253,41.6222912064487,nan,nan,32.86837027625244,24.14701243873287,0.7462012522424174,0.5954699409714238
bas,37.1818496735209,41.068413816854424,nan,nan,32.111626168662156,24.057493255640882,0.745569595948406,0.5952342562578373
bas,37.4203910356556,41.56494944041492,nan,nan,31.893567788767335,24.105041246814793,0.7454605175785814,0.59485408164778
bas,38.47676358582904,43.50237658339703,nan,nan,34.24222782990833,25.370975260357913,0.7462888670663976,0.595407883554969
bas,39.0052119093256,44.42370991918345,nan,nan,40.14351199772915,29.0239505425514,0.7451410492063653,0.5944451671626866
bas,40.19579362998373,45.64191093332852,nan,nan,48.71451495362651,35.38660102040407,0.7419038766330919,0.5922520342339328
bas,42.3307842134262,48.161351603158394,nan,nan,63.55187563676253,43.54096790974241,0.7215795255791294,0.5767777299203561
bas,45.57073973886972,52.21378182763559,nan,nan,82.32251341799548,55.66746548967884,0.7074749375720191,0.5668666526405095
haut,69.7824036520989,79.76011058607155,nan,nan,168.7037619431606,172.01649095171658,0.7967407817358705,0.780265442018212
haut,70.7691046116727,80.6744432846223,nan,nan,170.7152771603236,173.8696796804932,0.8103470478793843,0.8051789875401085
haut,70.95775491078422,81.00967073524066,nan,nan,171.78170863165025,175.11282163970907,0.8228805665500024,0.8234823006266208
haut,71.73440013400841,81.55988486480587,nan,nan,172.26889875085448,175.87898400547888,0.8332248783784906,0.8356868215831965
haut,73.80607959378418,84.02748752789132,nan,nan,172.34033954792932,176.3118099036778,0.8421430678968829,0.8435699284236172
haut,75.79286411433043,85.45318162114877,nan,nan,171.8313791402891,176.14848171579024,0.8485425033241797,0.8434531076849817
haut,76.44668635265495,86.12043187754668,nan,nan,170.71857999618007,175.46225743174415,0.8527859395415772,0.8359427386142502
haut,77.00955121477178,86.30412343814108,nan,nan,169.14390318845693,174.43745845011418,0.8547987920779361,0.8253264202070189
bas,37.72510105446167,57.245133523906645,nan,nan,75.29701748572933,51.06893683103584,0.7930256892275466,0.6448655213405395
bas,35.319128647072674,52.67831914965308,nan,nan,60.17329274620805,36.14624828527486,0.7847952628330387,0.6346443944562693
bas,34.27557482421845,49.35459708316475,nan,nan,48.63171784435296,28.080090566734206,0.7803440570013895,0.6285015611556921
bas,33.69553339343451,46.7223604916928,nan,nan,40.20244662814322,23.504871290886882,0.7760621456778299,0.6231945362821765
bas,33.88725717611752,45.19442323472316,nan,nan,35.14800542269242,20.910200865824667,0.7722214490014165,0.6195385578733477
bas,34.66427068375318,44.49824754708578,nan,nan,32.202470476768006,19.652702724049256,0.7692146128654022,0.616486809380662
bas,35.294008014180164,44.31398371768155,nan,nan,30.707728332450294,18.970111084209876,0.7668892632245498,0.6145415967053843
bas,35.61504276497258,44.1005978901746,nan,nan,30.45760295673001,19.16681266373937,0.7644859195003205,0.6125576621650858
bas,36.299846960243705,44.90530249896209,nan,nan,30.444568374619394,19.896005766101744,0.7626918455321805,0.6106130251870064
bas,37.0769994672508,46.38037153968573,nan,nan,35.13115777287844,22.93140873453617,0.7493487379633127,0.5987985185523984
bas,38.36202605855205,48.559188592985706,nan,nan,43.63207087981783,28.885152633072806,0.7415721605504826,0.591786830589831
bas,40.46695416535414,51.89353772129684,nan,nan,53.14029418433106,38.7218655491019,0.7184238825231959,0.5738721674087326
bas,43.40569968427161,54.74716984468969,nan,nan,65.48021064425934,51.23698363777688,0.6868964301327037,0.5498931925852073
haut,75.88317478586278,85.02601533636482,nan,nan,168.95535089442023,172.1816747236643,0.7703671460486395,0.761824343055072
haut,75.15584065706555,84.77946676780175,nan,nan,170.2428737918698,173.71575497586963,0.7843483794130758,0.7824422464056383
haut,74.93119509498295,86.06976331684875,nan,nan,170.9400495137986,174.56505180957387,0.7957894166539982,0.796111629979611
haut,75.30449511307917,86.86091242183142,nan,nan,171.2877576263127,175.12046900424372,0.8065345094023102,0.8064934498226529
haut,76.14947464279976,87.68175338489091,nan,nan,171.44899055311865,175.42074258454943,0.8152982098460553,0.8140594378239163
haut,76.99887523035474,87.9552148726979,nan,nan,171.18382646263976,175.32830009136478,0.8237200388219181,0.8172385525949319
haut,77.50793728037038,88.67709656648243,nan,nan,170.63252086470348,174.78212468399883,0.8328084818075706,0.8167929668682326
haut,75.8660719268369,88.00616446865445,nan,nan,169.4650925349687,173.87389518347194,0.8387412365521196,0.8112870983014222
haut,75.10665432703753,87.17562288219577,nan,nan,167.97779921679304,172.3893276804061,0.8416406745770151,0.8012136079858443
bas,44.63541266734241,59.81705488446241,nan,nan,75.52348182263951,50.20159022744392,0.7727580585048973,0.6089258570324142
bas,42.60043917897099,55.51610027763628,nan,nan,63.18153133424252,40.06503638316948,0.7673876026062658,0.6010962599032736
bas,41.18309801956265,52.278325861825444,nan,nan,52.48746506524801,33.257882295811235,0.7623332038210455,0.5947319241183718
bas,39.74616510400116,49.883237298926765,nan,nan,44.86052173661316,28.408262791747287,0.7591274473902629,0.5902666334216141
bas,39.120627091800735,47.7165283853329,nan,nan,39.49315293529104,25.83767012154365,0.7545067970061922,0.5856091396169264
bas,38.95099511092819,45.83211964336436,nan,nan,35.622872570971225,24.445203387467345,0.7520867125497603,0.5831410774138581
bas,39.09890414469558,44.76987737582301,nan,nan,33.46241000395592,23.835228193202866,0.7490283484554285,0.5805598459928581
bas,39.847970816010246,44.63919171137288,nan,nan,32.43271217119929,23.508088066930117,0.7469543338367096,0.5787799136272395
bas,40.484405005821905,44.52225155301355,nan,nan,31.985648963385618,23.6823076299684,0.747603065042134,0.5791226400228131
bas,41.08161887171134,45.0123969020011,nan,nan,32.24021894528037,24.77591907161518,0.7474800267553966,0.579035924126805
bas,42.80074490253095,46.80957241335065,nan,nan,35.49060171856921,27.654369945418765,0.7461332857967622,0.5784841414565007
bas,44.17684974101771,49.10712885672392,nan,nan,42.763241020228406,32.634373378442646,0.7416175254291102,0.5757477150440183
bas,46.24614413632895,50.86404422480792,nan,nan,50.38345367852497,38.54555581871015,0.7032165997447785,0.5474067493238483
bas,49.503302340100795,53.87102449802107,nan,nan,62.292408230326096,47.91665044191619,0.6722775493587138,0.5258672328825165
haut,64.59811599726986,70.82345899387316,nan,nan,167.29570601596558,173.3645140024301,0.7413802252057952,0.7441819477624251
haut,64.21245023544485,70.10777863768446,nan,nan,167.7405851982814,174.33125955118174,0.7465644301459692,0.7537149245576409
haut,63.87454052644874,69.0152988687529,nan,nan,168.14369579239454,174.8708530238711,0.7544299119703552,0.763615082420772
haut,64.48516813008973,69.52687366770512,nan,nan,167.89757723501364,174.41242643250354,0.7621115648129551,0.7656064980495736
haut,65.11367447692116,69.15642601684,nan,nan,167.05750815426592,173.27238883293535,0.7708321982925173,0.7614647914166717
