label,left_elbow_shoulder_hip,right_elbow_shoulder_hip,right_elbow_angle,left_elbow_angle,wrist,elbow
bas,8.48747860625812,10.304277401141846,179.13332841514938,178.26388412345602,0.7082981771084403,0.8322212399562663
bas,8.576457874919974,10.274132843006383,179.05560066143198,178.38755732386352,0.7047829619188224,0.8300886725850445
bas,8.725402993860278,10.33543110221784,179.1398762622791,178.71053941345937,0.7053411775321848,0.8265667948503963
bas,8.7487174295605,10.482064691032262,179.14121865461988,178.73442595324485,0.7087286395369113,0.8247990835883701
bas,8.840605137153558,10.822702468785508,178.90398089482142,179.03200947449375,0.7058728649808979,0.8163346929685886
bas,8.981342553012999,11.002237939887966,178.49932937159082,179.1608934296867,0.7079440985768318,0.8128955579535739
bas,9.078961262753598,10.980146835906092,178.4734799942691,179.17291068324815,0.7088838755274863,0.8126216867668615
bas,9.070875405422461,11.148380241336989,178.26071573064306,179.080393418079,0.7087316908660648,0.8126154964210132
bas,8.654518574177613,11.290959671830393,178.06167015230113,179.01420290464688,0.7158707331910082,0.8175653510596333
bas,8.836211606558976,11.214351887170158,178.02976216992593,179.17761616886472,0.7137440340840194,0.8128953627404939
bas,8.979026423272055,11.158268918750633,177.90767329114726,179.1339825352123,0.7150878861911193,0.8149370599156738
bas,8.827373405989249,11.056457790894509,178.18006455130953,179.17369107759686,0.7154773020033015,0.8161750047084195
bas,8.939471056506637,11.092292360051738,177.97226489226708,179.18124250715724,0.7183984132727971,0.8159342745340789
bas,8.817104120585519,10.866474240126012,178.09143600474027,178.64841516588825,0.7149203497523103,0.8207408603891532
bas,8.80294701207255,10.791356754186243,178.0514152706224,178.71864516979602,0.7185463255601512,0.8230062090918007
bas,8.792808801450827,10.762068307489434,178.7341504025276,178.52504817200779,0.7095827652370562,0.8226495582023171
bas,8.974100238523505,10.978098597489963,178.3746716917322,178.6231802059283,0.7042316590550021,0.8138246450139976
bas,9.209025896055904,11.854962183794697,176.50474747968957,178.74192207832283,0.6989356719421996,0.7968565811055992
bas,10.04712169957541,12.186187049310576,176.23940576058712,179.0729272866536,0.6915621411871933,0.7835046639755806
bas,10.471451887224509,12.285533302167288,175.53675449565577,178.07094757387563,0.7135795626484227,0.7843415900041101
bas,10.4595261243993,12.442699653932703,175.74884563223574,178.23248208746716,0.7094764464098572,0.7859724145073611
bas,10.779979371002383,12.630515229239766,175.99868472272473,177.92863773109025,0.705093223305868,0.7818340139515789
bas,10.54892742347819,13.234487620720918,175.6586021004,178.18642069333535,0.7063864432173542,0.7819443737120765
bas,11.188861572973858,12.769851026503833,176.70755944093779,178.69568044950663,0.701758712370635,0.7898905983775494
bas,11.203452922785889,13.510609147147067,176.4787390110976,178.6509655401607,0.6849386485837349,0.7777068001055686
bas,11.19394745034281,13.819318157574873,176.87261764260452,178.95168276181272,0.6766658944783667,0.7776783762751601
bas,11.049782796273757,13.728910231726406,175.71579194575517,178.98689470233413,0.6953341386597804,0.7804943980470849
bas,11.127434377773818,13.904797137000859,176.48904475240388,178.88869483879927,0.693746106902365,0.7808988110655913
bas,10.938853183057699,13.743611279578603,177.38411321529026,178.53946269575107,0.6904214515976022,0.7836884533238555
bas,11.7938195475238,14.207745807178371,177.60133766855074,178.49696810002928,0.6952270710537993,0.7764444011636412
bas,11.508287082127245,13.52719030123925,178.7022371625088,178.40671408761608,0.699441112619998,0.7906821122409613
bas,11.93718271785466,13.084521308187888,177.88414858009915,178.1496635312974,0.7110526049991434,0.7859027916932414
bas,11.820956796608302,13.455105854377862,177.50759451298657,174.22818460975154,0.7038852644767138,0.7688896758371638
bas,12.3639623872183,13.595162905098334,175.2015014250722,173.54884580188525,0.7079445916300383,0.7575451426121504
bas,12.429434409705777,14.17546115868452,174.8534752668076,174.5272459274729,0.7014464930597278,0.7476153960140464
bas,12.868290034551956,14.001543627284828,159.1536277289288,173.93329245047346,0.696442772083458,0.7418536328956219
bas,13.643276114638548,14.15795702039477,167.25861425957342,171.45758830065583,0.7113064875405689,0.7401074784637485
haut,11.157920537351615,12.853454043227945,29.286608283479133,9.122218371094467,0.7320844364514486,0.7671466548313107
haut,10.38674993225444,12.66811310030897,25.546395328914315,10.675757189847902,0.705591202440702,0.7650415451071515
haut,10.693675552210507,11.561255423491682,20.005908408919282,10.968573069561758,0.7043337871679743,0.7734965995506334
haut,10.939328930358167,12.595063158144114,12.82824962616412,10.197207970509936,0.7104117268693363,0.7511266418212011
haut,10.893683289222222,12.105265321807144,10.709847053842724,10.04550027115082,0.7142866275224762,0.7541315654053617
haut,11.410861264021893,11.994751985196656,10.628401386393282,9.689217455269912,0.7111694246357771,0.7482068703923603
haut,11.422910425637442,12.863869848580125,8.033887128038865,8.49784915748127,0.7232537353010303,0.7361485134242681
haut,11.583477809838488,12.405498566941695,9.22381556710713,8.352497599994967,0.7179036934462601,0.7382664405172572
haut,11.319268809485315,12.526919097740778,8.608041067351106,8.304752694292631,0.7240811261711937,0.7411582747819123
haut,11.678453638170861,13.378220605279532,8.241689519177621,8.725925401677179,0.7165062470225309,0.7261094217172763
haut,11.832393465410965,12.992117393269812,8.197973393223815,8.136134903770106,0.7191312466087636,0.7251432658832906
haut,11.828134305197292,13.257286712256398,6.923799748958992,8.31882813106528,0.725245631788932,0.7308569590679658
haut,11.390021409010972,13.269079077668154,7.55938825619932,8.621790032920567,0.7214197050156911,0.7320749193934094
haut,11.877753812729678,12.881427808459073,7.154662181906444,9.294663904178565,0.7161478372233242,0.7255255586196142
haut,11.139351289187198,13.39160778400977,7.480688973576115,8.215695311184236,0.72752673357944,0.7355111288515842
haut,11.062525046729137,13.274764399721048,8.0908552449171,7.797498787711345,0.7274242181837081,0.7363352030672417
haut,11.499548941967252,13.695541484706437,8.991467812267942,8.315884416019212,0.7111296400678363,0.7231232195245691
haut,11.852703990134696,13.35071922212178,9.019273493443078,7.71418826963462,0.7172318504950542,0.7240585733321198
haut,11.770297091747183,13.541950627758462,9.51756076144225,8.069188422638117,0.7067905524124124,0.7168711278674265
haut,11.90093284920458,13.294216699392045,9.070637498172418,7.819508985439035,0.7111718839071615,0.716078384488661
haut,11.94604673639723,13.359618315899594,9.079164350926805,7.443665170220592,0.7108741530747272,0.7104530633065398
haut,12.514374103740577,13.191985905013292,9.505181016749122,8.38473809980996,0.6944799867487168,0.6989528331917042
haut,12.244468228262125,13.587372028099416,9.00799139859264,7.842413373576506,0.7072869894781206,0.7057537411709648
haut,12.357383848084337,13.500886426048698,8.805979276524061,7.843147175930337,0.7054127147922216,0.7000377723345559
haut,11.994649642479695,13.745998122253624,9.248023055926186,6.9287485731238645,0.7119429460334975,0.704351211577785
haut,12.031017522082715,13.57716661582082,9.233659734066404,6.80368695025379,0.7130292950824599,0.7054683232260746
haut,12.493720130095985,13.692306746551713,9.144088679930443,7.262068802158963,0.7070141811789955,0.6992678023090959
haut,12.35635545005195,13.245744305724138,9.688303667617477,7.598425887053628,0.7051546251505395,0.7113612869136366
haut,12.273429496920297,13.362377528977142,9.208450761542089,7.851184277924083,0.7063226739408509,0.7101347514018386
haut,12.41962483764526,12.919329152398335,8.463591364301832,7.983414801166821,0.7113622871565253,0.7113054694595987
haut,12.12961675672488,12.708273380581154,9.135191819384875,8.026881004170518,0.7086881150195944,0.7199893798084707
haut,12.082694402685744,12.68478791668706,9.12282796386993,8.50676686775463,0.7044850126475976,0.7202270028992787
haut,11.657816749158401,12.606025867517387,9.334358615880042,7.9380188533030696,0.7109133863019025,0.7256422083624552
haut,11.669980293266658,12.893543371052042,8.68843265603002,8.291798545104855,0.7118518420138544,0.7213639984592832
haut,11.035057006728827,12.09440853757611,8.881104054667086,9.958368238012513,0.7039442543387979,0.7345665223212442
haut,11.484081941297086,12.191274995860514,9.649653476732766,10.96786002206651,0.6935522757379732,0.7320069928244705
haut,10.895888189800385,11.68009661370418,10.521527094994763,11.20303515291545,0.6978602172163171,0.7459437394470116
haut,10.713042163623172,11.290285490137371,8.963410930980892,12.38708483523457,0.712379811414544,0.7631461135558986
haut,10.20751956563466,11.22929750850068,11.072491209649035,15.129428487727854,0.7094015539404959,0.7833573083158731
haut,10.375646362737042,10.843296785424803,13.4408393635422,20.639685419577237,0.7071877613439963,0.7988904742472437
haut,10.679927135601893,10.827673840531197,23.423422772018956,27.50206624787824,0.7144569084785676,0.8049296904037174
haut,12.534950759916198,12.693744145516106,25.196191925020916,36.018397948952625,0.704314507077161,0.7582814524297335
bas,13.499291251627197,13.941210733456645,177.54721466490665,169.75123843365316,0.7024938170579861,0.7475082697294736
bas,12.215406350700487,13.378607716668634,171.69116335127978,166.731739844987,0.689903227821065,0.7707590915203842
bas,11.874278798278512,13.083392741555619,175.51643119290918,168.87990092393068,0.6933702492013709,0.7782375166762816
bas,11.917954223554691,13.356504310835508,176.58999999898313,175.38158482974958,0.6956914094991672,0.7865238076023009
bas,11.623704125378461,12.887374451502696,178.25328915555602,177.31635024876445,0.6948696952624239,0.7953366406423138
bas,11.675849734378009,13.250975557613657,178.6259486286576,178.1317853257478,0.6902976165431668,0.7956698075830037
bas,10.961865289970692,13.468302860330292,178.35346957192968,177.09095147766413,0.6840990698595545,0.7899986763343838
bas,10.62677927327866,13.582369375550531,177.45884124493347,177.3976924944701,0.6945061511529445,0.7951598372179672
bas,10.768437949120282,13.029523974795827,177.64520983914372,177.73333291967313,0.6933624660345502,0.7977128823145905
bas,10.532346332893606,13.121722603525424,176.97152828750967,178.5890341253547,0.6993924108606222,0.796710744114894
bas,10.296900591789418,12.953558384965511,176.99537851972437,178.8374816050182,0.7085767240202538,0.7996725324964216
bas,9.889684704572142,12.976269054810412,177.22662598018005,178.99978254401756,0.7037237983165046,0.7980265635481213
bas,10.285275029408693,12.70635954641539,177.23339523360488,179.0001800055223,0.711121324341011,0.7998049368038946
bas,10.073670293546046,12.187165505264733,177.20112843905352,178.96052966516055,0.7113608744347173,0.7991497640203807
bas,10.481973251546158,11.786668776241463,177.74830002411653,178.73170892041102,0.699526914958684,0.7933404927684145
bas,9.896215961727743,11.673042546258836,178.00364169862388,179.09022492817914,0.7039415261155678,0.8011969877551081
bas,10.150365480341177,12.041239291864951,176.97495268942248,178.49151629916437,0.7111429026695278,0.7942634345405861
bas,9.868991221629534,11.831501274880702,177.00310962892752,178.84574585299012,0.712949823252479,0.7996382194982634
bas,10.052956226145461,11.68481201647054,177.06602972093665,178.6624829248157,0.706972832371255,0.793130081059806
bas,9.507052805092535,11.275287765823395,177.63632129270152,178.9814095087751,0.7141765327448822,0.8048515103891993
bas,9.415960485424062,11.452584716537954,177.64037525105527,178.97447118811306,0.7150189059157783,0.8055400831365052
bas,9.394874285378565,11.019447188958722,177.7180095209722,178.687044766615,0.7254266920598634,0.8093014770591608
bas,9.600122512011154,10.855357012950401,178.17240759581813,179.08238292760277,0.7075453757189988,0.8066031692502984
bas,9.636995616213992,10.908842954276436,177.56414071941492,178.97733044359697,0.7128732529893866,0.8044997240526598
bas,9.56968269299007,10.55800242150127,178.15892054194566,179.01653758343699,0.7154942481546736,0.8111349936346082
bas,9.311138117766763,10.728788416629003,178.07662267835667,178.98088563310782,0.7034498099317644,0.8097678800877965
bas,8.963271817056004,10.580499128293715,178.44395484604823,178.01984017783548,0.7018879749615223,0.8180357398254919
bas,8.923002395306087,10.666279693843427,178.82101151078317,178.3188071576886,0.7006946287248226,0.8171592880283509
bas,8.722875938540103,10.668249175926862,178.67303749271827,177.9230063748388,0.7044924421277201,0.8206222805901754
bas,8.905158144137589,11.007938683865895,177.33757972784852,177.60124478459838,0.7053905791736568,0.8143531708870363
bas,9.285118926975528,11.131187857329842,178.07141954468997,178.70574123362093,0.6987472118707562,0.8071542625691385
bas,9.464748319673545,11.495123284339556,176.9873081471743,179.16080055773176,0.7088643475400568,0.8012747332566699
bas,9.602394370199498,11.103778361103746,177.734861859913,179.11051344049045,0.7103168389486921,0.8055399327856858
bas,9.738399439928259,11.337733104367157,178.22772090750382,179.11712729405343,0.7046471932747258,0.8037185950399934
bas,10.0457759194617,12.094546151413168,176.81325489933968,179.12122559268934,0.7021505173172446,0.7939481060996626
bas,9.793332348385356,11.871550662803172,177.2580319840294,178.95485909208085,0.7066018193013333,0.8026574710494279
bas,9.527982611409525,11.657868238814604,177.27082266692864,178.7470641220446,0.718969970947842,0.8119842256325897
bas,9.257472799096202,11.97611459626247,177.87588083606724,177.29672214878758,0.6994719578530534,0.8123986242682655
bas,9.795429484930594,12.316815325481231,177.1482317843043,178.11310333009592,0.7086193929047357,0.8080309619677485
bas,10.461944726026942,12.818123574027684,177.59596362418526,177.69878317992053,0.6918352550675665,0.7995128566820673
bas,10.498942772238635,12.966236637877419,178.21318803690176,177.3774223185878,0.685419611252869,0.7975480669286829
bas,10.480633912089722,13.541072992476204,177.4921640344245,177.55562558972977,0.6887974158152698,0.791581473512399
bas,10.692730848019261,13.103588838808276,178.66991146584286,177.5551504268062,0.6947154940968653,0.7982508103105869
bas,10.360272294301721,13.603082893875703,178.73125106628567,176.71961202225654,0.6912684292922838,0.8021585844754839
bas,10.846975988992387,14.059084949289868,177.82396378494184,175.71235435150533,0.7004640605677968,0.7835370295506344
bas,11.358254477187222,13.345524370309983,177.48559293990027,172.96501470158373,0.7012267057058398,0.780552378343587
bas,11.431644642537925,13.793974230112093,177.8303454542412,165.01877752901368,0.7035456281642567,0.7715462679134376
bas,12.230171387031207,13.237966132969872,170.64926175119598,165.80212209011938,0.7027860943233216,0.7605500938748098
bas,12.939606251526213,14.493670536837897,171.68108995624266,172.2322411269717,0.705176654737231,0.74710926588432
bas,12.439436218204333,13.715711725187457,159.19174511141495,150.15174301325203,0.6929366182244172,0.7562005552672708
haut,12.304400577149229,13.36930207667535,29.682205688937604,26.74254070243783,0.7125812233833597,0.7570776627768002
haut,10.956272045181619,13.184284691877158,26.10961857021569,25.740571444778062,0.7074812400821674,0.7730194850356177
haut,10.7356742414687,12.479021488301152,20.015347100869025,15.260044382154025,0.7218811263518472,0.7807620187088904
haut,10.49316620067041,11.820568415750335,14.910655576890111,12.574530850303761,0.7181443710183455,0.7819388283237677
haut,10.854151202050902,11.20598154372406,13.457517735474013,12.112101194501534,0.7249438045879137,0.7876607444001024
haut,10.91294400481172,11.317839897339626,10.618088205293374,10.887371737970236,0.7288865809109106,0.7801610494351308
haut,10.407805894301921,13.1608247881181,8.361489463457874,11.493146822018984,0.7224838729622947,0.7561093778671782
haut,11.124926396429526,12.496288654171865,9.125196165447202,10.068023681318929,0.720300617400547,0.7519254928333791
haut,11.513866655954724,12.596580152658653,9.70486316730618,9.333347383364012,0.7079521147406992,0.7340717824079626
haut,11.658196924694181,12.086804217351704,9.333238686486084,8.949493720959643,0.7134115113487948,0.7397459904150842
haut,11.079556548610517,12.49383609041341,8.694592603630538,8.229002492202563,0.7264822755743774,0.7446883982013557
haut,11.267532592881508,13.417576254393705,7.521792086764613,7.924576107154492,0.7273493178687712,0.7274217439728348
haut,10.921121425891414,13.024145009098659,6.759050341364853,8.255370032142743,0.7381166058116669,0.7433613733704951
haut,11.363873662781055,13.1058482242415,7.758465393969534,8.045088284260718,0.7215797854945432,0.7252049911740756
haut,11.8642972985463,12.988080438789293,6.934856544853979,8.943141567791677,0.7216717985907762,0.7234541259681148
haut,11.520419446824835,13.275883698828949,7.708255787822035,7.3477344549409525,0.7295457598928969,0.726162962858054
haut,11.643788737378559,13.217801201593112,6.903801742642662,8.685689731143992,0.720301743509435,0.7190181388749676
haut,11.421983696000341,13.206439151079032,7.776999170257233,8.08691832738027,0.7226775210096481,0.7252428623090389
haut,11.364937648861098,13.321245039690078,7.348377853023198,8.087356754397671,0.728360950950539,0.7284750218440569
haut,11.468485841051232,12.91772746842458,6.690767606953798,7.138916711299803,0.7414960573497068,0.730389267472342
haut,11.82874016525199,13.537790554712572,8.547254936064254,7.587783551396718,0.7197960690466207,0.7219441794172258
haut,12.0562393917227,13.33719660565933,9.318083816491727,7.080096431516207,0.715816006778926,0.7161891315914704
haut,10.950588909769108,12.04729654593932,8.05646278552735,7.004371454851048,0.735684137608413,0.7455410894754635
haut,11.573364345882448,12.374159102431793,8.475608050116644,6.9847657768404945,0.7308005145612256,0.7384520334982705
haut,11.8318627383023,12.579170306251939,8.737786882214118,6.685508452827676,0.7266753917842703,0.7296186367331754
haut,10.824820824833276,12.885425698644523,8.386669645123062,6.429505205482104,0.7340647445831899,0.735683033400263
haut,10.71483140539037,12.943765158628239,8.598924560111016,6.704547446879518,0.7298383369671854,0.7382077453020792
haut,11.014070568920264,13.020579282054856,9.328400917992541,7.032833286089538,0.7161394311464188,0.7293629587104832
haut,11.179378289876441,12.89024538485871,9.260908075317106,7.298534796072138,0.7166765810537041,0.7304508966697304
haut,11.428179184859893,12.868386167596153,8.884739150933871,7.414322816558535,0.7223064815097462,0.7343189541172153
haut,11.46343354755824,12.789028649393366,8.886841085552373,7.623238857252441,0.7220467216603391,0.7341799021951965
haut,11.23060385712951,13.122718105034313,8.806354371968954,8.060795500977077,0.7210099594126654,0.7377827198791965
haut,11.564627263552808,12.506751450579873,9.092970521444977,8.342162336480335,0.7194712193116721,0.7417134160334055
haut,10.736978950452677,12.266180895905745,8.886210178985658,8.650252912882339,0.7254910159977748,0.758679808240918
haut,10.546305944368799,12.287219106428802,9.006688592536618,10.299938390202652,0.7143103321171616,0.7581093280401808
haut,10.595467723935034,12.557029428733069,9.498072827437685,10.316145572156731,0.7063700748696249,0.7467358942454058
haut,11.462273942007041,12.745525318650525,10.433307934627157,11.294954473288897,0.6846438785804868,0.7290453891463242
haut,11.006379185281963,11.718064358484977,10.10400742956517,13.518138337178561,0.6964952220851159,0.7603071877757168
haut,10.90083993207117,11.191210187413068,9.94020986755587,12.657647457316234,0.7120966928307655,0.7700049787902288
haut,10.691411812937142,10.824619251280616,13.866903039631508,14.687511347897113,0.7128449976562413,0.7915951320255088
haut,10.049620576922278,10.763136960395132,17.87438666650904,22.210423130019258,0.7059386800359555,0.807285873369575
haut,10.858716339256313,11.178823072769799,26.01332762884314,35.09349754978077,0.6995345555899111,0.8013258530255158
bas,12.070527633667279,14.054939431569647,171.59462555875663,157.44188131323966,0.6963839800869452,0.7564016760448846
bas,12.131771602313759,13.345131460351153,172.1075055077141,169.00093426610346,0.6942313450882772,0.7690471193631593
bas,11.922673638188984,12.777138744172193,174.79574725694167,172.3967774034984,0.6952619837241332,0.7822530035195038
bas,11.712300187562171,13.090924180392461,178.25393970854444,177.1695145847879,0.7047856420953613,0.7931264481581531
bas,11.059496259039827,13.290535338436863,178.25685328267843,178.03969748669942,0.6892108877386872,0.7957528560010488
bas,11.130606700221445,12.447409302261056,177.64499149788548,177.69250731821953,0.6831643721428132,0.7992137263960718
bas,11.245084974931537,13.658440069621204,177.40262570415445,178.2516663125201,0.6850119972303429,0.7843487623675884
bas,10.402781439518243,13.13732120080664,177.6427014029812,178.74911155874977,0.6942734176178496,0.7922867556402373
bas,10.136569951511852,12.833793547666936,177.77944379171277,178.9237372447813,0.6933432218882079,0.7930001988464898
bas,10.017120205990002,12.623276308303058,177.94670215030678,179.0582132079944,0.697431142179452,0.7952549194551126
bas,9.748342586765732,12.139278918857903,178.36079340941592,179.05747230431396,0.6969538074004193,0.7980402827397457
bas,10.150943671620034,12.42570317666991,177.12436292814647,178.8351570009204,0.6975944962258386,0.7872542604661383
bas,10.515154107431169,11.868380762284058,177.23932537755175,178.36706312520053,0.7007962140602771,0.7869133161544526
bas,10.069853465467897,12.502926709655384,175.528564339662,178.48529389029972,0.7050631753201858,0.781849307374122
bas,9.85218694723534,11.8480157584631,176.84254334923082,178.4017134848053,0.705232499352513,0.7886590969339965
bas,9.826551467153521,11.689520952665882,177.3157507846809,178.41493532660488,0.7080726640876929,0.7918685027954058
bas,9.782790121328585,11.86544785224344,177.19123160658646,178.4084565414171,0.7074052869460425,0.7931435100684213
bas,9.695915745044712,11.18431807433178,177.8958013771384,178.42378183277972,0.7086532180450897,0.7977300510372147
bas,9.545562843982582,10.910471429703408,177.97572154707225,179.08738722554196,0.70753650706001,0.8034631060630358
bas,9.367622569835973,11.310331420592787,177.50072752775418,178.86962132308315,0.7106720383746995,0.7995964979862382
bas,8.772919244298567,10.572856560989175,178.14834592910756,179.02698394673635,0.7210975131999027,0.8189565946704874
bas,8.885547838573345,10.712540330687132,178.31862484204845,179.19377345256865,0.7093169741960701,0.8103483833238735
bas,8.962295680288207,10.732258833425457,178.38974646770998,179.1794176037891,0.7021913655209661,0.8045950075311449
bas,8.635496103346657,10.558391735521754,178.62507163282658,179.08830177379693,0.7052357093870719,0.8120253132762878
bas,8.927373055389124,10.503518714391177,178.786587654688,178.81114618127668,0.6986945581676461,0.811966405639773
bas,8.919015688648303,10.53774090569064,178.82434389868675,179.1182079495982,0.7020909768211796,0.8102728926216543
bas,8.95512653029189,10.991371993757001,177.5254372535196,179.11711410747878,0.7144709175977859,0.8096284119887026
bas,9.497209061543881,11.032421594107161,177.4929160222035,179.1561134502646,0.7080011884112977,0.8032136297375952
bas,9.784098758775864,11.164707291201298,177.7202908112101,178.65470567183428,0.703423866758364,0.7940787954202981
bas,9.284025609576007,11.632025258972257,177.16308133506286,178.73447696376402,0.7145022995906783,0.7991365222104932
bas,9.610904206860953,12.033119179081478,176.2624623652682,179.02529772235619,0.7157496894687014,0.798196347964908
bas,10.071750542005452,11.776316306103237,177.41237967340626,178.45876232191128,0.7100242558973636,0.7968866911617479
bas,10.235959335414213,12.458945991804809,176.0546018090772,178.30232709049866,0.7111273902792461,0.7866609603282618
bas,10.154421160267722,12.136075535084943,176.70305831512994,179.04244481009485,0.7042631777634142,0.7921965463518604
bas,10.132458758066292,12.598531508000681,175.88624219132785,178.9966086288796,0.7015625822393727,0.7875994841242511
bas,9.56265441212254,12.812140004288288,177.030002488925,178.9453885182593,0.693708606330587,0.7911691450486728
bas,10.18144032216334,13.480818124478638,177.52673530243058,178.34470737526536,0.6732940797094575,0.7832240199876167
bas,10.154195059447424,13.177604096294194,177.59477342483385,178.25976574612068,0.6863563390738748,0.7923521403120037
bas,10.297854828773389,13.674767702530941,177.01693481952216,178.18530599602562,0.6880885270991963,0.7859510819122131
bas,10.666253250008785,13.935265168986332,176.75645706966316,178.58074477493514,0.6920332960595293,0.7837605340071319
bas,10.858063953959801,13.691082169173193,178.53209177493113,178.88568019579867,0.6899363938468012,0.7848742936239015
bas,11.008805200386066,13.933335358812382,178.8329989115649,178.78174810725187,0.6885247916067405,0.7859649455622002
bas,11.091984638689237,13.341845539059053,178.70329335904367,177.51041966608614,0.6869638521262278,0.7825996169604239
bas,10.914414997291047,13.34156824892754,177.5790812961977,175.6498484252,0.6970673924453081,0.7815101769156839
bas,11.549352862891977,13.7297366155879,177.70302663010492,175.62293400068398,0.7012496756550747,0.7739953622968732
bas,11.70475280283821,12.776300896240576,164.73600338288708,170.2568702830058,0.709859372551345,0.7721667267770699
bas,12.489007100636645,13.188785966639294,166.45391304288728,162.50517826137957,0.7019490055858758,0.7583160785483974
bas,13.16870356956622,13.828890483293913,168.34136762650252,163.57867936652008,0.7029381976142846,0.7462524746316505
bas,12.767125207178886,14.47990120511522,153.4029330109433,165.6977489880526,0.6968532320385823,0.7487747231230539
haut,10.38524524593397,13.700880464267385,17.465342493020554,24.532327339005793,0.7239052624532949,0.7723346664279972
haut,10.495925660955304,11.176166197056146,22.222446619218392,17.008101550894686,0.7268083719072179,0.8018539079823778
haut,9.907403683646896,11.57553171981073,16.999114594878396,15.710272430452186,0.7084209581827139,0.7974356806765347
haut,10.33760807243176,11.86822213446902,14.828608139704071,12.616730337095559,0.7010055359397043,0.7723376023788113
haut,10.242934627827555,11.226539813008742,13.820797982325278,12.760869953338899,0.704915216754254,0.7849260922788748
haut,10.248803777712197,11.713493197535437,11.888250322613422,11.004278320702092,0.7107003047080113,0.7739007540206186
haut,10.91274934217767,12.644083529205572,10.71049809823645,9.48136647460553,0.7040804444212408,0.7425147409324404
haut,11.236845521182818,12.909868016044355,10.282746750421856,9.060333431765384,0.7040011599001146,0.7320451404994611
haut,11.793516042091323,13.712506515335512,10.14757426948774,8.599884895453247,0.6937459385789252,0.7123490906290149
haut,11.186259672479132,13.084413402333324,10.672048068504136,8.455493461292653,0.6973112673530885,0.7228693027105477
haut,11.095771856163744,12.678109140470719,7.596758522252832,8.827831633043468,0.7255437747028608,0.7381893792327249
haut,11.551086465733327,12.922290294434479,8.126028174902299,7.321502415313807,0.7260418476401422,0.726991485299239
haut,11.745877042113301,13.312490794020807,8.862870309417522,7.510562346920237,0.7211062851452648,0.7257949637446071
haut,12.266698579304327,13.958078298628799,8.579710837696952,6.994717164366471,0.7170424119193544,0.7043177166010564
haut,12.540049136236135,13.857801181833901,8.417860426389975,6.637051219104619,0.7206375576881383,0.7033776546722453
haut,11.863308849096033,13.625385755405429,9.599033182209096,6.521145685519007,0.7156243780688248,0.7146531648148505
haut,12.097427978986179,13.712888048465976,10.036761023979249,6.55096572749543,0.7082760992048303,0.7087093309101364
haut,11.719842445335562,13.775718859835987,9.479982814545798,6.664053580025102,0.7142528535156151,0.7157982770164258
haut,11.446918287434999,13.684109969066649,8.994548598390955,7.116055083644569,0.713628341825903,0.7145610788401799
haut,11.987978397186128,14.135852248558013,10.52539350613466,7.19719517455961,0.7014480758779374,0.7095984196891056
haut,12.16908347283543,14.18221076731937,9.836593123842073,7.835260420160397,0.7013829240260303,0.707402626100449
haut,11.71114960207604,14.394070326362684,9.904198375080176,8.019168210744798,0.699883359549835,0.7090086180958592
haut,11.606286402930587,14.317423451764347,9.399475709061475,7.664519266826914,0.711163756859477,0.7134743936146376
haut,11.639936506054857,14.453269012235541,9.636590731279645,7.930628388366584,0.700428155570154,0.7043885161835189
haut,11.094943802833761,14.33246294888004,9.664310847760232,7.476693629799456,0.7080020245951133,0.7153437042629761
haut,11.631597561626995,13.798922945219706,8.916677440213398,7.773755488305173,0.7155934181024505,0.7187359245583322
haut,11.363682784479188,14.09303245029863,9.471925594410195,7.527755625842259,0.7093531470663891,0.7137810002840136
haut,12.024683934479933,14.027857178102083,9.75000426484455,8.159938607058928,0.701881033986608,0.7101622683998987
haut,12.061159676647444,14.294119345381196,10.12470927909058,7.800340709006254,0.6998087744955904,0.7054428650446118
haut,12.378426978278181,14.36841532384351,10.84377032174862,7.610583126636412,0.6924309090396051,0.6997482341607061
haut,12.032641313167003,14.338760074783298,9.939618748693732,7.567298432522608,0.7004493961395569,0.7024736849654403
haut,12.218909675909556,14.272709855934286,10.253171711943049,7.470966274113525,0.6988831856454066,0.7037840402189353
haut,12.205638758152835,14.110375078244951,10.718061482097204,7.36406340124193,0.6974515511970801,0.705989670718348
haut,11.649864662560828,13.695647429998566,10.139155282475723,7.2728579793117225,0.7062098346886914,0.7188522321621706
haut,11.650061757244623,13.674102624708,10.712020208217787,7.112453886013305,0.701371312290158,0.7185288007916417
haut,11.963929315591152,13.009105011918477,9.992479377690422,6.340168916652007,0.7163314722499475,0.7225452958338482
haut,11.530708749885381,12.821260066560486,9.733690822792708,8.09984464855866,0.7093778852577549,0.7335502227993499
haut,11.610139035338026,13.043883115193452,9.470938860743644,8.892574559417286,0.7054874803945591,0.7286153900983338
haut,11.494540097589773,12.862003905767535,9.459573750190993,8.189551729561025,0.7139247150524479,0.7340861931751574
haut,10.793607452873697,12.403407842026082,10.101220023489095,9.572952845637827,0.7054737422189035,0.7421490357995737
haut,10.83093287408147,12.681653268940666,11.312543963072443,9.5704241028369,0.6899023065468604,0.7401504880567921
haut,10.327522100917227,11.51357021165079,12.05629713073068,12.908731699918029,0.6960400459704373,0.7710124453287339
haut,10.085676711950123,11.556107695854521,12.997690604353014,13.598382527305528,0.7045037926698392,0.7824285097915012
haut,10.117950817400562,10.821762458585294,15.611924281027822,15.560519540366586,0.7069701683398458,0.8017047575634692
haut,10.24188913114007,10.84274649172279,22.34316598479637,22.357389817894482,0.7203017325065295,0.8133312201775379
bas,12.672714981492659,13.49607869735966,168.31096521098073,172.67082182002963,0.696665293249165,0.7584018752155025
bas,11.761735008904694,13.669609858978866,173.6178226688215,173.03206668069257,0.6938266125935637,0.7735745315812416
bas,12.111324264681002,13.090014744938495,176.83475891452105,178.63796867396937,0.7067981241207206,0.7776573634952393
bas,10.880918328820924,13.21451664694674,178.15732582274777,178.54488684629172,0.7067440326228535,0.7954315079093996
bas,10.943952084723408,13.13520422393297,178.1308550877433,178.36678838847442,0.6889318109633918,0.7957444306646559
bas,10.577292576506473,13.912370047360065,177.41958793462283,178.87949311139374,0.6964184255725204,0.7867279845942506
bas,10.058932801307146,13.364931384811793,178.32138140938883,177.91264087705923,0.6914841738271748,0.7951039183036926
bas,9.589511674187362,12.699378269953721,178.30040208148836,178.62751573596654,0.7050915223926111,0.8045415243776803
bas,10.190948758070778,12.875874990190384,177.3426327965796,179.01855498622552,0.7050000872004315,0.7967804816306469
bas,9.711826394531988,12.240472380581123,178.11575158953164,178.85039823635123,0.7031829456654483,0.8023737960275904
bas,9.571558231288886,11.631979003822321,178.29094733117816,178.62796408749273,0.7045019097988757,0.8070438396813172
bas,9.671962155070085,12.312765601096554,176.28722657790638,178.89387743510318,0.7087557099704733,0.7951502210089034
bas,9.99044766062436,12.715394371749264,175.14315152950417,178.81502856124575,0.7039721941751441,0.7805754301590431
bas,9.743174189141072,12.097286930069235,176.47758291187833,178.68724892761395,0.7027677446731299,0.7866916920454351
bas,9.645117395845237,11.770718860118071,176.8952217072955,178.40786389584812,0.706545035857755,0.7890159737487353
bas,9.21034702131429,11.600137709411538,177.20317331269632,178.63466511745438,0.7118220602128122,0.7972962031885735
bas,9.745415435362037,10.916302930289556,178.1271068469757,178.06429646355033,0.7099682866067085,0.7992472462455166
bas,9.461844989836289,10.888460190092076,178.6590373293958,178.62391208405452,0.6914141225604444,0.7949880157377688
bas,9.075569207430467,10.229576860031372,178.95154921546052,179.16301964911113,0.6950138971856396,0.8087241239239755
bas,8.76783256339704,9.483846103958658,179.10148673891717,179.04175431979957,0.7024382379594722,0.822025693241212
bas,8.650801969078136,9.354718762806293,178.92259076252446,178.90455744218218,0.6985437676432301,0.8238300538128919
bas,8.759358415862254,9.291257249997503,178.0046937136135,179.17991028721525,0.6989479576831077,0.828185448554724
bas,8.618794040500617,9.163943722970474,178.54996323379999,178.3994958510416,0.7024499620581871,0.8344017083920975
bas,8.659823002012473,9.103627952155303,178.31446179237298,178.40251570958776,0.698068833812283,0.8332042349102479
bas,8.172926953025012,9.237787859761374,178.50794547051206,177.7443511512536,0.7014603472979508,0.8391985061234238
bas,8.288326837503767,9.497654863837804,178.18189973162694,177.29717402782723,0.6932800861135122,0.8383859848878144
bas,8.501158140270492,9.473905733126896,178.29271648060745,177.6851602965202,0.6961427530663815,0.8373905468147568
bas,8.73865508927268,9.666991803445528,178.6732041839265,177.64273061752453,0.6951058531656854,0.8340337454353218
bas,8.75597324656807,9.874152153571936,179.00030750427098,178.5666080815091,0.7120431848510944,0.8264550989450141
bas,9.060142929399637,9.90852521429586,179.1796238074451,178.49173715919355,0.7035508484046799,0.8227993452631941
bas,9.177328896344232,10.543801570866004,178.11449272703462,178.81064924743472,0.7147328108548481,0.8179218124118417
bas,9.1144460964455,10.77441324605928,178.4045493211143,179.02102709300422,0.7151940323925378,0.8169483139970919
bas,8.853107882967835,10.517124076696051,179.16546369837104,179.15744805387604,0.71273348524804,0.820853526050935
bas,9.498390010428153,10.802454293932229,178.53764270311845,179.12303993311056,0.7173029764317095,0.8172110713292139
bas,9.653166067954512,11.0690909336957,178.1787915997161,179.10526866824426,0.7092735173088136,0.8066808682687092
bas,9.59700475818237,11.42797210003666,178.18219588802063,179.0726021001692,0.7033847158945538,0.8055488257163645
bas,9.300453853178524,11.501711790386727,177.68818571385668,179.0057357619422,0.7116801986407403,0.8086659878556481
bas,9.483168340119946,11.922164829019827,177.7744313974973,178.94437296114302,0.7125653051275086,0.8037759194119268
bas,9.396954835704747,11.999888696189716,178.3853899248659,179.07394474105575,0.7034358696969856,0.8033450766081729
bas,9.545245236539674,12.245081736091459,177.89305716482076,178.8036656046775,0.7088048622629571,0.806500943059268
bas,10.032509154980259,12.473852055925155,177.94498636395682,178.87944870793194,0.7006085626910129,0.7972932581209313
bas,10.20766190356118,12.755282906569885,178.1171764469062,178.95054239230873,0.7045181275504515,0.8003892723619812
bas,10.00765855313683,13.214642502911529,178.0634415282217,178.91984055976565,0.7024239988128341,0.795109051196644
bas,10.975599980934357,13.395104729012628,177.81140194135048,178.87219282053076,0.6953050095040832,0.7861997583426473
bas,11.209724129329379,13.17287902113819,178.80666892212454,178.86115902711774,0.6904351557330027,0.7922635480643382
bas,11.581907817892914,13.296106441769783,178.52062196639963,178.68341046586625,0.6888883165385065,0.7900363109373706
bas,11.272111496633885,13.036404970573566,178.78492598753843,178.7731178174907,0.7075606758630455,0.7954296679616297
bas,11.25831899192256,13.262178211128287,178.05710173834322,177.30081316307528,0.6970800640375353,0.7884092188740168
bas,11.426663249332087,13.373545656869215,177.43561693166424,175.71840128746783,0.7034280942561132,0.7820277449964578
bas,11.492070756190511,13.05507760739624,175.54076555179046,174.2700700709118,0.7021317120902426,0.7747398611224044
bas,12.375628257402946,12.588743243489477,169.6253348970901,177.81765046972686,0.7089637380312837,0.7572276793295718
bas,12.815988624027359,13.233877964986897,169.00873505923377,167.74819642012747,0.7026820396925806,0.752077810590148
bas,13.068035573299293,13.232856490653596,166.9187236961621,176.52060352567378,0.7142029075872417,0.7594325920334564
haut,11.343274297318413,13.413071410148646,30.683910827660704,20.493636704389562,0.721605831983855,0.7676342686274328
haut,10.407733141272901,12.76918679675036,20.625923032345153,17.496133588314777,0.7295630166884525,0.7870342440081672
haut,9.772105965439318,12.19628889913945,20.70246771671818,17.92107287714812,0.7305856562122276,0.7983703144450732
haut,9.972244724894942,11.038094888468345,23.203820062987973,17.06030352657309,0.7092779040009335,0.804698909299562
haut,10.044158848855622,10.855061595881715,17.745145578850625,11.722358759233117,0.7205801236666372,0.8039259052339054
haut,9.600605582754769,11.598035228010714,14.39772435902141,12.369764795735419,0.7121922671200269,0.7906995246479714
haut,9.854079797376551,11.774782020747853,12.507194797808015,10.310244371671303,0.7186041900599791,0.7819919037394155
haut,10.43803615562699,12.039975418064593,12.983940262338951,10.455214613512627,0.7041056754382038,0.7656641880382802
haut,10.277087924092315,12.70373482194916,11.15091833891074,10.172807939070438,0.7066740848049453,0.7557698223093965
haut,10.807773233495643,12.649958593186776,12.084963327282924,10.378310467567866,0.6920999546551393,0.7400885446529776
haut,10.824483858121766,12.72835911765349,11.743566166026168,9.445215096961432,0.6933293889964802,0.7393020492931976
haut,10.512265666387703,13.827173497449847,9.0551459785941,8.47052618216369,0.7144002389732782,0.7297300313053993
haut,10.265870651906166,13.610932229724725,7.252785951056798,8.80254329340784,0.7259659455651881,0.7373020697078461
haut,10.432035546459396,13.457115147864291,7.7774368659245585,7.575033631508853,0.7340071362068993,0.7403244645229546
haut,10.32451705380483,13.520370502715657,8.20330543685475,8.529318358740877,0.7282738535317986,0.7462657588264081
haut,11.184073662144375,13.649596501531477,8.405536551729819,7.760978954185083,0.7220892160968254,0.7272651950401516
haut,10.6396857426304,14.140103470302455,8.878693548763499,7.361899469293488,0.7197591815378186,0.72646601158129
haut,11.391567255373625,14.746275174595485,9.967773100967424,7.665391991789754,0.7002803869864985,0.7125096009425157
haut,10.357524331901255,13.654238179353582,9.506437460832258,7.3894022479489205,0.7145798613328304,0.7367968260865042
haut,10.503638312837479,14.436774715364631,9.749355177299643,7.7046123327312594,0.7094206281703489,0.7294174443357695
haut,11.237991316171764,13.940920312349729,9.832813564443416,7.586576536686164,0.7097264325338289,0.7249295261374925
haut,11.363583379932882,14.594282251461113,9.592755972893372,7.6662981590809425,0.7035645761758076,0.7062504551645659
haut,10.945222858092592,14.013099590076537,9.641218877132713,7.780629862651195,0.7053149389240964,0.7179982214277995
haut,11.209137860091126,13.789636015846723,9.712619705777215,8.05516639137601,0.7008174833646093,0.7156544998961603
haut,11.217705478123126,14.182797889975443,9.506091008102908,7.901025884644626,0.7096888803429564,0.7182760548991811
haut,11.006691042350553,14.090515605581162,9.163034976204292,8.009102698707176,0.7055735296634231,0.7148341879957684
haut,11.359721220268867,14.61130040805643,9.670274711501854,8.376319763551571,0.6991007958355538,0.7112632404780074
haut,10.702288456923517,14.150052384518611,9.346364277079035,7.7123905801119115,0.7082862884975781,0.7210057352349747
haut,10.853791877849497,14.183056863621918,9.525840452358851,7.458080326362215,0.7061744871650796,0.7160437876416782
haut,11.115245344226514,14.101748034347555,9.124161169071717,7.512833630161082,0.7098533097424696,0.7145067314754842
haut,10.71243959892752,14.065149185951466,9.787435317383888,7.1666451245031295,0.7092584442508558,0.7217581655291448
haut,10.716909250431527,14.097545323087864,9.862947951899784,7.109237161106067,0.7077993855176367,0.7198446551584957
haut,10.206366528471236,14.397582823118695,10.493165948065366,7.109680672938216,0.7033073635735199,0.7236305728044248
haut,10.462956261828738,14.215168624176595,10.001825045939212,7.182575326595769,0.7071431405859006,0.7227454479543248
haut,10.369879949049256,14.434381128662228,9.963801628420514,7.026630144070436,0.709760955259709,0.7231436593239875
haut,10.518928851390795,14.474564236203816,9.953839281244889,7.267243198530574,0.7062446219181154,0.7200205157120328
haut,10.479649614396788,14.091275652619839,9.461171994469154,7.360432882669921,0.7112208066842932,0.7248959944256685
haut,10.428724050104082,14.132245690246974,9.395914810710977,7.384511619229116,0.7116822392060078,0.7247587602416748
haut,10.52849304661489,14.108012135968455,8.950993656209757,7.669904692819692,0.713661235067657,0.7253676706032787
haut,10.405978668151862,14.490701819298753,9.19503025207339,7.519852000954354,0.7140108146759484,0.7240678688729232
haut,11.012860594335443,14.458865623085687,9.419667793030008,8.282364709284616,0.7030419385064376,0.7164439594549294
haut,10.509851856121537,14.603034955860245,9.281687396870351,6.753993330344188,0.7207217295826193,0.7217409928737991
haut,10.172616045708883,14.11071848779956,9.44797195048926,7.026371114886469,0.7151515689661032,0.724300973102782
haut,10.91350317816029,13.494047948416089,10.415142872377537,7.244948939361129,0.7070259492755407,0.7306680046493936
haut,10.807783355696614,13.309524217107741,9.919059396549196,8.01675381600621,0.703527179386153,0.7343229073656408
haut,10.741793370813838,13.132354416905425,9.313730884501908,7.336036682077977,0.7168854249397376,0.7393956857435096
haut,10.679505362740999,13.0024915424863,9.731190477970374,7.963273163573333,0.7064037102300813,0.7359680612276107
haut,10.884710367248086,12.425651945420734,7.901029862730909,7.825693862527288,0.7331129846505133,0.7502386443226777
haut,10.422129717142777,12.178563943575323,8.336629939836127,8.193670827605738,0.7334235235878082,0.7593140369998417
haut,9.9578282169345,12.25052549734418,8.991091268502801,9.972618310002796,0.7161611314989188,0.7578923448542261
haut,10.850001902362045,12.339190980835129,11.609099628178068,10.880116860356143,0.6852760701043887,0.7420099020816354
haut,10.503673075321363,12.536136612262757,11.096874874604978,10.71923079808108,0.7042318212423619,0.7563720830170295
haut,10.040239770359683,11.616063044807275,11.328690110049484,12.802260546331219,0.7105396362298156,0.7807776759787567
haut,10.02965200259462,11.332400981244133,13.623005600785405,13.870228243905638,0.7164163411956862,0.7908890104460413
haut,10.558557121438623,11.845444653630532,17.87136786219727,18.84404505092479,0.7160435239947014,0.786762519205391
haut,10.81433968455338,11.480557947793706,23.341772015875488,29.51325105870343,0.7242126634764298,0.7988924087192049
bas,12.114945533148623,13.646881427966692,170.20911587112548,163.58530148059788,0.6993214236593214,0.7620014486912999
bas,12.24741943941218,12.875332692978365,175.01604849337218,171.10775156431984,0.7205464629912335,0.7754612862424444
bas,11.215245452253495,12.360105493365785,175.07134052405735,170.9512156964692,0.6991643085429083,0.7897859200554108
bas,11.337507910069267,12.904233394110303,178.2163117604161,175.3573230702836,0.6987573042867586,0.7906195493892026
bas,11.45109208862179,13.232521267289513,178.4215252535988,177.26586887747425,0.6987426365945448,0.7931470200304243
bas,10.806799489257104,13.304751324744467,178.19765013709977,178.31369398469437,0.7020528271149523,0.7970745963814974
bas,10.155416104894355,13.51264535811661,178.26037089786766,178.40551321877697,0.6936503395300887,0.7941742760810387
bas,10.560680428164538,13.323501351068886,176.67921795653257,178.49697467039962,0.7041525558152937,0.7934488647704004
bas,9.916572549585167,13.062685994629495,176.04947639497007,177.62130022214524,0.6910614426817506,0.7879181447347101
bas,10.445896945936983,12.270773054354574,176.97665411512423,178.63441513411485,0.699610748755169,0.797721656620321
bas,9.829974904056275,12.455695847130363,176.8260776809331,177.53091787324217,0.692514223931815,0.7976892233224687
bas,9.77051298158434,12.460153376164513,175.51421431916432,178.23593614262404,0.6954238530110379,0.791090199647954
bas,9.248925353105964,12.277762690621955,177.05868648559985,178.99670557539886,0.7022895041432736,0.7999763944706696
bas,9.925209452813306,12.87864839153056,174.38812757720976,179.09793815645986,0.6984672282740523,0.7776943782160295
bas,9.867421463115123,12.158469709759729,175.75779560543944,178.97132726529608,0.6949269038371524,0.7875477292681796
bas,9.35124251442229,12.193810980485463,176.02096386864588,179.06282049965236,0.7024597535546725,0.7924114983590473
bas,9.769287878788393,11.889877622308992,175.72627421879002,179.1582511797703,0.7020714343809568,0.7875150395176224
bas,9.678935351263918,10.970273059840162,176.6324395228655,179.1553109376491,0.7107662685811097,0.7998263381499053
bas,9.789045759722956,11.152087191649454,177.2488101865869,178.91829941482428,0.7021112012586764,0.7935358047093134
bas,9.62735073145899,10.218954021328194,178.82005853235987,179.17342357125108,0.702817828692777,0.809703591796212
